,Team,Score,Winner,Map,Opponent,Is Winner
0,Evil Geniuses,16,Evil Geniuses,ovp  Overpass,Mythic,True
1,Mythic,7,Evil Geniuses,inf  Inferno,Evil Geniuses,False
2,TeamOne,19,TeamOne,inf  Inferno,timbermen,True
3,Nouns,8,ATK,anc  Ancient,ATK,False
4,caffeine marauders,8,paiN,vtg  Vertigo,paiN,False
5,Villainous,9,EG White,nuke  Nuke,EG White,False
6,EG White,16,EG White,mrg  Mirage,Villainous,True
7,paiN,4,caffeine marauders,inf  Inferno,caffeine marauders,False
8,Fuscão 1500,16,Fuscão 1500,ovp  Overpass,Corinthians,True
9,Corinthians,14,Fuscão 1500,vtg  Vertigo,Fuscão 1500,False
10,ODDIK,11,9z,ovp  Overpass,9z,False
11,ODDIK,6,9z,anb  Anubis,9z,False
12,O PLANO,22,O PLANO,ovp  Overpass,00NATION,True
13,Bad News Eagles,16,Eternal Fire,vtg  Vertigo,Eternal Fire,False
14,Bad News Eagles,16,Bad News Eagles,mrg  Mirage,Eternal Fire,True
15,Bad News Eagles,12,Eternal Fire,ovp  Overpass,Eternal Fire,False
16,Nouns,8,yur,inf  Inferno,yur,False
17,yur,16,yur,ovp  Overpass,Nouns,True
18,MIBR,16,MIBR,anb  Anubis,Evil Geniuses,True
19,MIBR,16,MIBR,ovp  Overpass,Evil Geniuses,True
20,Detonate,16,Detonate,ovp  Overpass,timbermen,True
21,timbermen,11,Detonate,inf  Inferno,Detonate,False
22,Benched Heroes,11,Insilio,anc  Ancient,Insilio,False
23,Insilio,16,Insilio,mrg  Mirage,Benched Heroes,True
24,ODDIK,12,Paquetá,inf  Inferno,Paquetá,False
25,Paquetá,16,Paquetá,anb  Anubis,ODDIK,True
26,ODDIK,16,ODDIK,ovp  Overpass,Paquetá,True
27,Flamengo,16,Flamengo,anb  Anubis,Fuscão 1500,True
28,Fuscão 1500,12,Flamengo,mrg  Mirage,Flamengo,False
29,9z,11,Fluxo,mrg  Mirage,Fluxo,False
30,Fluxo,16,Fluxo,inf  Inferno,9z,True
31,Insilio,16,Insilio,ovp  Overpass,Forward,True
32,Forward,12,Insilio,anb  Anubis,Insilio,False
33,BIOS,14,Benched Heroes,vtg  Vertigo,Benched Heroes,False
34,Benched Heroes,16,Benched Heroes,ovp  Overpass,BIOS,True
35,SAW,16,SAW,nuke  Nuke,JANO,True
36,JANO,14,SAW,anc  Ancient,SAW,False
37,Partizan,16,Partizan,nuke  Nuke,SINNERS,True
38,Partizan,16,Partizan,anb  Anubis,SINNERS,True
39,Partizan,4,SINNERS,vtg  Vertigo,SINNERS,False
40,ENCE,14,Eternal Fire,anb  Anubis,Eternal Fire,False
41,ENCE,14,Eternal Fire,vtg  Vertigo,Eternal Fire,False
42,SINNERS,16,SINNERS,vtg  Vertigo,GenOne,True
43,Eruption,16,Eruption,mrg  Mirage,NKT,True
44,NKT,12,Eruption,anc  Ancient,Eruption,False
45,Partizan,16,Partizan,anb  Anubis,VOYVODA,True
46,TYLOO,16,TYLOO,vtg  Vertigo,Lynn Vision,True
47,TYLOO,16,TYLOO,anb  Anubis,Lynn Vision,True
48,ECLOT,16,ECLOT,nuke  Nuke,The Prodigies,True
49,The Prodigies,12,ECLOT,inf  Inferno,ECLOT,False
0,JANO,16,JANO,nuke  Nuke,Tricked,True
1,Tricked,17,JANO,mrg  Mirage,JANO,False
2,SAW,16,SAW,anc  Ancient,HEET,True
3,HEET,12,SAW,vtg  Vertigo,SAW,False
4,HAVU,10,500,ovp  Overpass,500,False
5,500,16,500,anc  Ancient,HAVU,True
6,Into the Breach,9,iNation,anb  Anubis,iNation,False
7,iNation,16,iNation,vtg  Vertigo,Into the Breach,True
8,NKT,16,NKT,nuke  Nuke,Renewal,True
9,Renewal,5,NKT,mrg  Mirage,NKT,False
10,NKT,14,Renewal,inf  Inferno,Renewal,False
11,TYLOO,16,TYLOO,mrg  Mirage,Take me away,True
12,TYLOO,16,TYLOO,anb  Anubis,Take me away,True
13,TYLOO,10,Take me away,inf  Inferno,Take me away,False
14,VERTEX,16,VERTEX,mrg  Mirage,Encore,True
15,VERTEX,16,VERTEX,vtg  Vertigo,Encore,True
16,Mythic,16,Mythic,inf  Inferno,Take Flyte,True
17,Take Flyte,16,Take Flyte,anc  Ancient,Mythic,True
18,ATK,19,ATK,ovp  Overpass,Vendetta,True
19,Vendetta,7,ATK,anc  Ancient,ATK,False
20,TeamOne,16,TeamOne,ovp  Overpass,Strife,True
21,Strife,5,TeamOne,mrg  Mirage,TeamOne,False
22,yur,16,yur,inf  Inferno,Mythic,True
23,Evil Geniuses,16,Evil Geniuses,inf  Inferno,Vendetta,True
24,ATK,7,Detonate,inf  Inferno,Detonate,False
25,Strife,6,Nouns,inf  Inferno,Nouns,False
26,Sharks,5,O PLANO,vtg  Vertigo,O PLANO,False
27,Sharks,12,O PLANO,nuke  Nuke,O PLANO,False
28,O PLANO,3,Sharks,anb  Anubis,Sharks,False
29,RED Canids,10,Corinthians,ovp  Overpass,Corinthians,False
30,Corinthians,16,Corinthians,anb  Anubis,RED Canids,True
31,INTZ,11,00NATION,inf  Inferno,00NATION,False
32,00NATION,16,00NATION,vtg  Vertigo,INTZ,True
33,Bad News Eagles,16,Bad News Eagles,inf  Inferno,Eternal Fire,True
34,Bad News Eagles,16,Bad News Eagles,anb  Anubis,Eternal Fire,True
35,Bad News Eagles,14,Eternal Fire,mrg  Mirage,Eternal Fire,False
36,O PLANO,15,Fuscão 1500,vtg  Vertigo,Fuscão 1500,False
37,9z,16,9z,mrg  Mirage,Sharks,True
38,RED Canids,9,Paquetá,mrg  Mirage,Paquetá,False
39,Corinthians,8,Flamengo,mrg  Mirage,Flamengo,False
40,Complexity,16,Complexity,anc  Ancient,MIBR,True
41,MIBR,5,Complexity,nuke  Nuke,Complexity,False
42,MIBR,16,MIBR,anb  Anubis,Complexity,True
43,4ORMULA,7,TeamOne,anc  Ancient,TeamOne,False
44,TeamOne,16,TeamOne,inf  Inferno,4ORMULA,True
45,timbermen,8,paiN,vtg  Vertigo,paiN,False
46,paiN,16,paiN,mrg  Mirage,timbermen,True
47,REIGN,6,Take Flyte,nuke  Nuke,Take Flyte,False
48,Take Flyte,16,Take Flyte,inf  Inferno,REIGN,True
49,HEET,9,Aurora,nuke  Nuke,Aurora,False
0,500,10,forZe,mrg  Mirage,forZe,False
1,forZe,16,forZe,inf  Inferno,500,True
2,500,16,500,ovp  Overpass,forZe,True
3,JANO,14,iNation,inf  Inferno,iNation,False
4,iNation,16,iNation,nuke  Nuke,JANO,True
5,Aurora,12,HEET,inf  Inferno,HEET,False
6,HEET,6,Aurora,anb  Anubis,Aurora,False
7,SAW,14,Viperio,nuke  Nuke,Viperio,False
8,Viperio,16,Viperio,anb  Anubis,SAW,True
9,Tricked,9,B8,inf  Inferno,B8,False
10,Tricked,11,B8,vtg  Vertigo,B8,False
11,Into the Breach,16,Into the Breach,mrg  Mirage,HAVU,True
12,HAVU,8,Into the Breach,inf  Inferno,Into the Breach,False
13,Into the Breach,11,HAVU,anc  Ancient,HAVU,False
14,ARCTIC,16,00NATION,ovp  Overpass,00NATION,False
15,00NATION,16,00NATION,anc  Ancient,ARCTIC,True
16,Imperial,16,Imperial,vtg  Vertigo,Fluxo,True
17,Fluxo,11,Imperial,ovp  Overpass,Imperial,False
18,ODDIK,11,BESTIA,ovp  Overpass,BESTIA,False
19,BESTIA,16,BESTIA,anb  Anubis,ODDIK,True
20,INTZ,16,INTZ,nuke  Nuke,WINDINGO,True
21,WINDINGO,2,INTZ,anc  Ancient,INTZ,False
22,Movistar Riders,7,ENCE,nuke  Nuke,ENCE,False
23,Movistar Riders,16,Movistar Riders,mrg  Mirage,ENCE,True
24,ENCE,16,ENCE,inf  Inferno,Movistar Riders,True
25,HEET,16,Monte,nuke  Nuke,Monte,False
26,Monte,16,Monte,vtg  Vertigo,HEET,True
27,HEET,16,HEET,anb  Anubis,Monte,True
28,500,8,Falcons,ovp  Overpass,Falcons,False
29,Falcons,19,Falcons,mrg  Mirage,500,True
30,500,16,500,nuke  Nuke,Falcons,True
31,Astralis,16,Astralis,inf  Inferno,SAW,True
32,Astralis,17,SAW,vtg  Vertigo,SAW,False
33,Astralis,16,Astralis,anc  Ancient,SAW,True
34,forZe,16,forZe,mrg  Mirage,Illuminar,True
35,Illuminar,11,forZe,ovp  Overpass,forZe,False
36,Into the Breach,12,Eternal Fire,vtg  Vertigo,Eternal Fire,False
37,Into the Breach,6,Eternal Fire,nuke  Nuke,Eternal Fire,False
38,Aurora,5,OG,mrg  Mirage,OG,False
39,OG,16,OG,anb  Anubis,Aurora,True
40,1WIN,16,1WIN,nuke  Nuke,Tricked,True
41,Tricked,9,1WIN,mrg  Mirage,1WIN,False
42,Nexus,16,Nexus,anc  Ancient,EC Brugge,True
43,EC Brugge,10,Nexus,inf  Inferno,Nexus,False
44,IHC,16,IHC,anc  Ancient,Eruption,True
45,Eruption,9,IHC,inf  Inferno,IHC,False
46,Movistar Riders,10,Bad News Eagles,anc  Ancient,Bad News Eagles,False
47,Bad News Eagles,16,Bad News Eagles,ovp  Overpass,Movistar Riders,True
48,los kogutos,16,los kogutos,ovp  Overpass,PROSPECTS,True
49,PROSPECTS,11,los kogutos,vtg  Vertigo,los kogutos,False
0,MASONIC,6,Sangal,mrg  Mirage,Sangal,False
1,Sangal,16,Sangal,ovp  Overpass,MASONIC,True
2,Viperio,16,Viperio,anc  Ancient,PGE Turow,True
3,PGE Turow,16,PGE Turow,nuke  Nuke,Viperio,True
4,Viperio,16,Viperio,vtg  Vertigo,PGE Turow,True
5,LDLC,6,B8,nuke  Nuke,B8,False
6,B8,6,LDLC,ovp  Overpass,LDLC,False
7,LDLC,3,B8,vtg  Vertigo,B8,False
8,Anonymo,12,JANO,mrg  Mirage,JANO,False
9,JANO,16,JANO,ovp  Overpass,Anonymo,True
10,EYEBALLERS,10,iNation,anb  Anubis,iNation,False
11,iNation,16,iNation,ovp  Overpass,EYEBALLERS,True
12,Mixfits,5,HAVU,anc  Ancient,HAVU,False
13,Mixfits,7,HAVU,anb  Anubis,HAVU,False
14,Kintsugi,1,NKT,inf  Inferno,NKT,False
15,NKT,16,NKT,nuke  Nuke,Kintsugi,True
16,Lynn Vision,9,Rare Atom,nuke  Nuke,Rare Atom,False
17,Rare Atom,21,Lynn Vision,vtg  Vertigo,Lynn Vision,False
18,Rare Atom,16,Rare Atom,inf  Inferno,Lynn Vision,True
19,Renewal,16,Renewal,anc  Ancient,Vladivostok,True
20,Vladivostok,11,Renewal,inf  Inferno,Renewal,False
21,VERTEX,16,VERTEX,inf  Inferno,Antic,True
22,Antic,9,VERTEX,ovp  Overpass,VERTEX,False
23,VERTEX,8,Antic,vtg  Vertigo,Antic,False
24,sYnck,15,Permitta,mrg  Mirage,Permitta,False
25,Permitta,8,sYnck,vtg  Vertigo,sYnck,False
26,sYnck,8,Permitta,anc  Ancient,Permitta,False
27,ENCE,14,Eternal Fire,vtg  Vertigo,Eternal Fire,False
28,ENCE,9,Eternal Fire,inf  Inferno,Eternal Fire,False
29,Encore,10,Grayhound,inf  Inferno,Grayhound,False
30,Grayhound,19,Grayhound,nuke  Nuke,Encore,True
31,Take me away,16,Take me away,inf  Inferno,ParisDemons,True
32,ParisDemons,12,Take me away,nuke  Nuke,Take me away,False
33,TYLOO,16,TYLOO,inf  Inferno,Wings Up,True
34,TYLOO,16,TYLOO,anb  Anubis,Wings Up,True
35,Clutch,9,Kintsugi,anb  Anubis,Kintsugi,False
36,Kintsugi,8,Clutch,nuke  Nuke,Clutch,False
37,Clutch,13,Kintsugi,anc  Ancient,Kintsugi,False
38,Renewal,16,Renewal,nuke  Nuke,ILIN,True
39,ILIN,16,ILIN,inf  Inferno,Renewal,True
40,Renewal,16,Renewal,mrg  Mirage,ILIN,True
41,e-LEMON-ators,8,VERTEX,ovp  Overpass,VERTEX,False
42,VERTEX,16,VERTEX,vtg  Vertigo,e-LEMON-ators,True
43,ParisDemons,16,ParisDemons,anb  Anubis,Lord Rabbit,True
44,Lord Rabbit,12,ParisDemons,inf  Inferno,ParisDemons,False
45,Majestic Foghorns,6,Antic,vtg  Vertigo,Antic,False
46,Antic,16,Antic,inf  Inferno,Majestic Foghorns,True
47,TYLOO,16,TYLOO,inf  Inferno,HSG fe,True
48,HSG fe,5,TYLOO,ovp  Overpass,TYLOO,False
49,TeamOne,12,Vendetta,anc  Ancient,Vendetta,False
0,ATK,16,ATK,inf  Inferno,4ORMULA,True
1,Evil Geniuses,16,Evil Geniuses,inf  Inferno,REIGN,True
2,Take Flyte,7,Nouns,mrg  Mirage,Nouns,False
3,Complexity,16,Complexity,nuke  Nuke,yur,True
4,paiN,16,paiN,nuke  Nuke,Strife,True
5,timbermen,16,timbermen,ovp  Overpass,Mythic,True
6,MIBR,16,MIBR,nuke  Nuke,Detonate,True
7,Paquetá,19,Paquetá,mrg  Mirage,00NATION,True
8,O PLANO,16,O PLANO,nuke  Nuke,ARCTIC,True
9,Corinthians,16,Corinthians,ovp  Overpass,WINDINGO,True
10,9z,16,9z,mrg  Mirage,INTZ,True
11,TeamOne,12,Mythic,ovp  Overpass,Mythic,False
12,Vendetta,11,timbermen,anc  Ancient,timbermen,False
13,Sharks,9,ODDIK,nuke  Nuke,ODDIK,False
14,Imperial,16,Imperial,inf  Inferno,RED Canids,True
15,BESTIA,16,BESTIA,inf  Inferno,Fuscão 1500,True
16,Fluxo,16,Fluxo,vtg  Vertigo,Flamengo,True
17,Complexity,16,Complexity,nuke  Nuke,REIGN,True
18,ATK,14,Strife,mrg  Mirage,Strife,False
19,ARCTIC,12,Fuscão 1500,inf  Inferno,Fuscão 1500,False
20,Evil Geniuses,16,yur,nuke  Nuke,yur,False
21,Detonate,16,Detonate,vtg  Vertigo,Nouns,True
22,O PLANO,10,BESTIA,mrg  Mirage,BESTIA,False
23,MIBR,16,MIBR,anb  Anubis,Take Flyte,True
24,paiN,16,paiN,vtg  Vertigo,4ORMULA,True
25,00NATION,14,Flamengo,mrg  Mirage,Flamengo,False
26,Fluxo,16,Fluxo,vtg  Vertigo,Paquetá,True
27,PGE Turow,16,PGE Turow,nuke  Nuke,Copenhagen Flames,True
28,Copenhagen Flames,14,PGE Turow,vtg  Vertigo,PGE Turow,False
29,PGE Turow,14,Copenhagen Flames,anc  Ancient,Copenhagen Flames,False
30,forZe,16,forZe,nuke  Nuke,ECSTATIC,True
31,ECSTATIC,12,forZe,inf  Inferno,forZe,False
32,forZe,14,ECSTATIC,anc  Ancient,ECSTATIC,False
33,IKLA,14,B8,inf  Inferno,B8,False
34,B8,16,B8,mrg  Mirage,IKLA,True
35,IKLA,16,IKLA,anc  Ancient,B8,True
36,EYEBALLERS,16,EYEBALLERS,vtg  Vertigo,HONORIS,True
37,HONORIS,4,EYEBALLERS,inf  Inferno,EYEBALLERS,False
38,Corinthians,23,ODDIK,ovp  Overpass,ODDIK,False
39,9z,11,RED Canids,inf  Inferno,RED Canids,False
40,HAVU,10,Eternal Fire,inf  Inferno,Eternal Fire,False
41,Spirit,13,Movistar Riders,nuke  Nuke,Movistar Riders,False
42,Movistar Riders,14,Spirit,ovp  Overpass,Spirit,False
43,Spirit,9,Movistar Riders,mrg  Mirage,Movistar Riders,False
44,WINDINGO,9,Sharks,anb  Anubis,Sharks,False
45,Imperial,16,Imperial,mrg  Mirage,INTZ,True
46,FURIA Academy,19,FURIA Academy,inf  Inferno,Fuscão 1500,True
47,Fuscão 1500,13,FURIA Academy,ovp  Overpass,FURIA Academy,False
48,HEET,14,GamerLegion,anc  Ancient,GamerLegion,False
49,9INE,16,9INE,anc  Ancient,Into the Breach,True
0,Apeks,16,Apeks,anc  Ancient,500,True
1,500,16,500,mrg  Mirage,Apeks,True
2,Apeks,16,Apeks,inf  Inferno,500,True
3,GamerLegion,16,GamerLegion,inf  Inferno,HEET,True
4,HEET,16,HEET,ovp  Overpass,GamerLegion,True
5,Into the Breach,16,Into the Breach,anb  Anubis,9INE,True
6,9INE,16,9INE,vtg  Vertigo,Into the Breach,True
7,G2,16,G2,nuke  Nuke,Tricked,True
8,Tricked,10,G2,inf  Inferno,G2,False
9,Falcons,19,Falcons,ovp  Overpass,Illuminar,True
10,OG,16,OG,anc  Ancient,Anonymo,True
11,Monte,16,Monte,anc  Ancient,iNation,True
12,Aurora,16,Aurora,nuke  Nuke,JANO,True
13,1WIN,16,1WIN,nuke  Nuke,LDLC,True
14,Mixfits,8,SAW,anb  Anubis,SAW,False
15,Viperio,6,Astralis,ovp  Overpass,Astralis,False
16,Eruption,16,Eruption,ovp  Overpass,NKT,True
17,forZe,10,Eternal Fire,nuke  Nuke,Eternal Fire,False
18,Eternal Fire,16,Eternal Fire,ovp  Overpass,forZe,True
19,Eternal Fire,6,forZe,anb  Anubis,forZe,False
20,K23,16,K23,mrg  Mirage,Nexus,True
21,K23,12,Nexus,inf  Inferno,Nexus,False
22,K23,16,K23,anb  Anubis,Nexus,True
23,Rare Atom,16,Rare Atom,nuke  Nuke,Take me away,True
24,IHC,16,IHC,nuke  Nuke,Vladivostok,True
25,Renewal,11,NKT,anc  Ancient,NKT,False
26,Lynn Vision,16,Lynn Vision,nuke  Nuke,Wings Up,True
27,HSG fe,2,Take me away,inf  Inferno,Take me away,False
28,MASONIC,11,K23,ovp  Overpass,K23,False
29,TYLOO,11,Rare Atom,anb  Anubis,Rare Atom,False
30,Eruption,16,Eruption,anc  Ancient,ILIN,True
31,Vladivostok,19,Vladivostok,nuke  Nuke,Clutch,True
32,Wings Up,16,Wings Up,inf  Inferno,Lord Rabbit,True
33,IHC,16,IHC,anb  Anubis,Kintsugi,True
34,Lynn Vision,16,Lynn Vision,nuke  Nuke,ParisDemons,True
35,Sprout,14,Movistar Riders,ovp  Overpass,Movistar Riders,False
36,Movistar Riders,16,Movistar Riders,inf  Inferno,Sprout,True
37,Nexus,19,Nexus,inf  Inferno,Sangal,True
38,DeadWeight,14,Majestic Foghorns,anb  Anubis,Majestic Foghorns,False
39,Majestic Foghorns,19,Majestic Foghorns,inf  Inferno,DeadWeight,True
40,KZG,8,e-LEMON-ators,inf  Inferno,e-LEMON-ators,False
41,KZG,6,e-LEMON-ators,mrg  Mirage,e-LEMON-ators,False
42,HONORIS,12,Eternal Fire,ovp  Overpass,Eternal Fire,False
43,Eternal Fire,16,Eternal Fire,nuke  Nuke,HONORIS,True
44,VERTEX,7,Encore,inf  Inferno,Encore,False
45,Grayhound,16,Grayhound,nuke  Nuke,Antic,True
46,Majestic Foghorns,11,Encore,nuke  Nuke,Encore,False
47,DeadWeight,9,VERTEX,vtg  Vertigo,VERTEX,False
48,e-LEMON-ators,17,Antic,vtg  Vertigo,Antic,False
49,Grayhound,16,Grayhound,inf  Inferno,KZG,True
0,Take Flyte,14,4ORMULA,vtg  Vertigo,4ORMULA,False
1,Complexity,13,MIBR,anc  Ancient,MIBR,False
2,MIBR,12,Complexity,ovp  Overpass,Complexity,False
3,Complexity,12,MIBR,anb  Anubis,MIBR,False
4,Paquetá,9,RED Canids,mrg  Mirage,RED Canids,False
5,Flamengo,13,INTZ,anc  Ancient,INTZ,False
6,Fluxo,11,9z,nuke  Nuke,9z,False
7,Fluxo,16,Fluxo,ovp  Overpass,9z,True
8,9z,16,9z,mrg  Mirage,Fluxo,True
9,Take Flyte,16,Take Flyte,anc  Ancient,X13,True
10,X13,9,Take Flyte,nuke  Nuke,Take Flyte,False
11,X13,16,X13,inf  Inferno,Take Flyte,True
12,REIGN,19,REIGN,inf  Inferno,Cartel terraza,True
13,Cartel terraza,14,REIGN,nuke  Nuke,REIGN,False
14,Davenport University,15,4ORMULA,inf  Inferno,4ORMULA,False
15,Davenport University,9,4ORMULA,ovp  Overpass,4ORMULA,False
16,Mystique,5,yur,ovp  Overpass,yur,False
17,yur,16,yur,vtg  Vertigo,Mystique,True
18,Monte,16,Monte,anc  Ancient,ECSTATIC,True
19,Anonymo,16,Anonymo,mrg  Mirage,EYEBALLERS,True
20,HONORIS,8,iNation,ovp  Overpass,iNation,False
21,forZe,8,JANO,mrg  Mirage,JANO,False
22,RED Canids,16,RED Canids,inf  Inferno,FUSION,True
23,FUSION,8,RED Canids,nuke  Nuke,RED Canids,False
24,paiN,9,Complexity,ovp  Overpass,Complexity,False
25,Complexity,16,Complexity,nuke  Nuke,paiN,True
26,ENCE,19,ENCE,mrg  Mirage,Spirit,True
27,Spirit,14,ENCE,nuke  Nuke,ENCE,False
28,ENCE,16,Spirit,anb  Anubis,Spirit,False
29,1WIN,16,1WIN,ovp  Overpass,IKLA,True
30,Copenhagen Flames,9,Mixfits,inf  Inferno,Mixfits,False
31,B8,10,SAW,vtg  Vertigo,SAW,False
32,Astralis,16,Astralis,nuke  Nuke,PGE Turow,True
33,CARECAS,13,INTZ,nuke  Nuke,INTZ,False
34,CARECAS,9,INTZ,anb  Anubis,INTZ,False
35,Boca Juniors,12,Flamengo,mrg  Mirage,Flamengo,False
36,Flamengo,16,Flamengo,anb  Anubis,Boca Juniors,True
37,Furious,7,Paquetá,ovp  Overpass,Paquetá,False
38,Paquetá,16,Paquetá,inf  Inferno,Furious,True
39,GamerLegion,16,GamerLegion,inf  Inferno,Illuminar,True
40,OG,10,HEET,inf  Inferno,HEET,False
41,Falcons,8,Apeks,inf  Inferno,Apeks,False
42,Aurora,7,500,ovp  Overpass,500,False
43,Movistar Riders,11,ENCE,nuke  Nuke,ENCE,False
44,9INE,25,9INE,nuke  Nuke,Eternal Fire,True
45,Into the Breach,16,Into the Breach,vtg  Vertigo,Viperio,True
46,HAVU,13,Tricked,nuke  Nuke,Tricked,False
47,G2,16,G2,nuke  Nuke,LDLC,True
48,9z,16,9z,nuke  Nuke,00NATION,True
49,9z,11,00NATION,anc  Ancient,00NATION,False
0,9z,16,9z,inf  Inferno,00NATION,True
1,iNation,13,Apeks,anb  Anubis,Apeks,False
2,Monte,17,500,nuke  Nuke,500,False
3,EYEBALLERS,14,Illuminar,ovp  Overpass,Illuminar,False
4,HONORIS,5,Falcons,nuke  Nuke,Falcons,False
5,forZe,7,HEET,inf  Inferno,HEET,False
6,Sprout,5,Spirit,anb  Anubis,Spirit,False
7,GamerLegion,16,GamerLegion,nuke  Nuke,Anonymo,True
8,OG,19,OG,mrg  Mirage,JANO,True
9,Aurora,16,Aurora,nuke  Nuke,ECSTATIC,True
10,HAVU,22,HAVU,anc  Ancient,B8,True
11,1WIN,15,Viperio,vtg  Vertigo,Viperio,False
12,IKLA,9,Into the Breach,inf  Inferno,Into the Breach,False
13,SAW,11,Tricked,nuke  Nuke,Tricked,False
14,Astralis,14,LDLC,inf  Inferno,LDLC,False
15,Copenhagen Flames,11,Eternal Fire,nuke  Nuke,Eternal Fire,False
16,9INE,16,9INE,ovp  Overpass,Mixfits,True
17,G2,16,G2,nuke  Nuke,PGE Turow,True
18,Vladivostok,16,Vladivostok,nuke  Nuke,ILIN,True
19,Kintsugi,10,Renewal,nuke  Nuke,Renewal,False
20,TYLOO,16,TYLOO,anc  Ancient,ParisDemons,True
21,Bad News Eagles,16,Bad News Eagles,mrg  Mirage,forZe,True
22,forZe,12,Bad News Eagles,anc  Ancient,Bad News Eagles,False
23,Bad News Eagles,13,forZe,ovp  Overpass,forZe,False
24,Vladivostok,16,Vladivostok,anc  Ancient,Kintsugi,True
25,Lord Rabbit,16,Lord Rabbit,mrg  Mirage,ParisDemons,True
26,Take me away,16,Take me away,vtg  Vertigo,TYLOO,True
27,ILIN,16,ILIN,nuke  Nuke,Renewal,True
28,IKLA,8,Monte,anb  Anubis,Monte,False
29,Monte,16,Monte,anc  Ancient,IKLA,True
30,Bad News Eagles,16,Bad News Eagles,inf  Inferno,Eternal Fire,True
31,KZG,10,DeadWeight,inf  Inferno,DeadWeight,False
32,Antic,16,Antic,nuke  Nuke,Majestic Foghorns,True
33,Troublemakers,5,Renewal,inf  Inferno,Renewal,False
34,Renewal,16,Renewal,mrg  Mirage,Troublemakers,True
35,Majestic Foghorns,16,Majestic Foghorns,mrg  Mirage,KZG,True
36,Nexus,16,Nexus,nuke  Nuke,The Prodigies,True
37,The Prodigies,11,Nexus,ovp  Overpass,Nexus,False
38,Nexus,16,Nexus,mrg  Mirage,The Prodigies,True
39,ParisDemons,25,ParisDemons,anc  Ancient,JiJieHao,True
40,JiJieHao,6,ParisDemons,nuke  Nuke,ParisDemons,False
41,CR,6,TYLOO,ovp  Overpass,TYLOO,False
42,TYLOO,16,TYLOO,mrg  Mirage,CR,True
43,Lord Rabbit,16,Lord Rabbit,inf  Inferno,Newhappy,True
44,Newhappy,14,Lord Rabbit,anc  Ancient,Lord Rabbit,False
45,Lord Rabbit,12,Newhappy,anb  Anubis,Newhappy,False
46,Hard,20,Take me away,vtg  Vertigo,Take me away,False
47,Take me away,16,Take me away,mrg  Mirage,Hard,True
48,Antic,19,Antic,vtg  Vertigo,DeadWeight,True
49,QUAZAR,14,Kintsugi,nuke  Nuke,Kintsugi,False
0,Kintsugi,11,QUAZAR,anb  Anubis,QUAZAR,False
1,QUAZAR,10,Kintsugi,anc  Ancient,Kintsugi,False
2,SHYNE,14,ILIN,inf  Inferno,ILIN,False
3,ILIN,16,ILIN,nuke  Nuke,SHYNE,True
4,GR,16,Vladivostok,ovp  Overpass,Vladivostok,False
5,Vladivostok,16,Vladivostok,anc  Ancient,GR,True
6,HONORIS,9,forZe,inf  Inferno,forZe,False
7,Problematic Kings,14,KZG,inf  Inferno,KZG,False
8,KZG,16,KZG,ovp  Overpass,Problematic Kings,True
9,SWMG,6,Antic,nuke  Nuke,Antic,False
10,Antic,16,Antic,inf  Inferno,SWMG,True
11,Majestic Foghorns,16,Majestic Foghorns,inf  Inferno,God's Work,True
12,God's Work,8,Majestic Foghorns,anb  Anubis,Majestic Foghorns,False
13,Toxic,5,DeadWeight,vtg  Vertigo,DeadWeight,False
14,DeadWeight,16,DeadWeight,anc  Ancient,Toxic,True
15,ATK,9,paiN,vtg  Vertigo,paiN,False
16,paiN,19,paiN,inf  Inferno,ATK,True
17,MIBR,16,MIBR,inf  Inferno,Complexity,True
18,MIBR,16,MIBR,anb  Anubis,Complexity,True
19,Fluxo,16,Fluxo,ovp  Overpass,9z,True
20,9z,4,Fluxo,mrg  Mirage,Fluxo,False
21,O PLANO,6,00NATION,ovp  Overpass,00NATION,False
22,00NATION,16,00NATION,inf  Inferno,O PLANO,True
23,MIBR,16,MIBR,nuke  Nuke,paiN,True
24,paiN,17,MIBR,vtg  Vertigo,MIBR,False
25,ATK,14,Complexity,ovp  Overpass,Complexity,False
26,Complexity,16,Complexity,inf  Inferno,ATK,True
27,Strife,12,Mythic,inf  Inferno,Mythic,False
28,Fluxo,16,Fluxo,anc  Ancient,00NATION,True
29,Fluxo,12,00NATION,anb  Anubis,00NATION,False
30,00NATION,8,Fluxo,nuke  Nuke,Fluxo,False
31,O PLANO,11,9z,ovp  Overpass,9z,False
32,9z,22,9z,inf  Inferno,O PLANO,True
33,Eternal Fire,16,Eternal Fire,anb  Anubis,Mixfits,True
34,JANO,7,ECSTATIC,anb  Anubis,ECSTATIC,False
35,PGE Turow,15,LDLC,anb  Anubis,LDLC,False
36,timbermen,16,timbermen,mrg  Mirage,Detonate,True
37,FTW,9,Illuminar,ovp  Overpass,Illuminar,False
38,Illuminar,16,Illuminar,inf  Inferno,FTW,True
39,HEET,19,HEET,nuke  Nuke,Anonymo,True
40,Fuscão 1500,19,Fuscão 1500,anb  Anubis,WINDINGO,True
41,Eternal Fire,16,Eternal Fire,nuke  Nuke,ECSTATIC,True
42,JANO,4,Mixfits,inf  Inferno,Mixfits,False
43,ODDIK,7,BESTIA,anc  Ancient,BESTIA,False
44,Anonymo,16,Anonymo,ovp  Overpass,LDLC,True
45,Strife,16,Strife,mrg  Mirage,4ORMULA,True
46,4ORMULA,7,Strife,nuke  Nuke,Strife,False
47,Cartel terraza,11,timbermen,mrg  Mirage,timbermen,False
48,skriptovie,11,Detonate,nuke  Nuke,Detonate,False
49,Detonate,16,Detonate,mrg  Mirage,skriptovie,True
0,timbermen,16,timbermen,anc  Ancient,Cartel terraza,True
1,Strife,8,4ORMULA,inf  Inferno,4ORMULA,False
2,HEET,16,HEET,anc  Ancient,PGE Turow,True
3,Tricked,16,Tricked,mrg  Mirage,HONORIS,True
4,HONORIS,11,Tricked,nuke  Nuke,Tricked,False
5,BESTIA,16,BESTIA,nuke  Nuke,Paquetá,True
6,Paquetá,11,BESTIA,inf  Inferno,BESTIA,False
7,Boca Juniors,7,WINDINGO,ovp  Overpass,WINDINGO,False
8,WINDINGO,7,Boca Juniors,inf  Inferno,Boca Juniors,False
9,Boca Juniors,4,WINDINGO,nuke  Nuke,WINDINGO,False
10,Fuscão 1500,22,Fuscão 1500,anc  Ancient,Flamengo,True
11,Flamengo,13,Fuscão 1500,vtg  Vertigo,Fuscão 1500,False
12,ODDIK,16,ODDIK,anb  Anubis,Furious,True
13,ODDIK,16,ODDIK,mrg  Mirage,Furious,True
14,GODSENT,8,Eternal Fire,mrg  Mirage,Eternal Fire,False
15,GODSENT,17,Eternal Fire,inf  Inferno,Eternal Fire,False
16,K23,9,ECSTATIC,anc  Ancient,ECSTATIC,False
17,K23,16,K23,nuke  Nuke,ECSTATIC,True
18,ECSTATIC,16,ECSTATIC,inf  Inferno,K23,True
19,GenOne,17,Mixfits,anb  Anubis,Mixfits,False
20,Mixfits,16,Mixfits,ovp  Overpass,GenOne,True
21,GenOne,16,GenOne,inf  Inferno,Mixfits,True
22,SINNERS,7,LDLC,nuke  Nuke,LDLC,False
23,LDLC,6,SINNERS,ovp  Overpass,SINNERS,False
24,LDLC,16,LDLC,anb  Anubis,SINNERS,True
25,Anonymo,19,Anonymo,mrg  Mirage,Partizan,True
26,Partizan,13,Anonymo,anc  Ancient,Anonymo,False
27,HEET,16,HEET,vtg  Vertigo,Nexus,True
28,HEET,19,HEET,anc  Ancient,Nexus,True
29,Dripmen,14,PGE Turow,vtg  Vertigo,PGE Turow,False
30,PGE Turow,16,PGE Turow,inf  Inferno,Dripmen,True
31,JANO,16,JANO,anb  Anubis,FTW,True
32,FTW,15,JANO,nuke  Nuke,JANO,False
33,JANO,11,FTW,inf  Inferno,FTW,False
34,Illuminar,16,Illuminar,inf  Inferno,Into the Breach,True
35,Into the Breach,12,Illuminar,ovp  Overpass,Illuminar,False
36,EYEBALLERS,16,EYEBALLERS,ovp  Overpass,9INE,True
37,EYEBALLERS,16,EYEBALLERS,vtg  Vertigo,9INE,True
38,9INE,16,9INE,mrg  Mirage,EYEBALLERS,True
39,Nexus,16,Nexus,nuke  Nuke,Zero Tenacity,True
40,Zero Tenacity,9,Nexus,vtg  Vertigo,Nexus,False
41,Nexus,16,Zero Tenacity,ovp  Overpass,Zero Tenacity,False
42,BESTIA,16,BESTIA,ovp  Overpass,TropiCaos,True
43,Paquetá,19,Paquetá,ovp  Overpass,CAT,True
44,Case,7,ODDIK,anb  Anubis,ODDIK,False
45,CARECAS,13,Boca Juniors,anc  Ancient,Boca Juniors,False
46,Question Mark!,7,Flamengo,vtg  Vertigo,Flamengo,False
47,FUSION,20,Furious,inf  Inferno,Furious,False
48,RED Canids,17,Fuscão 1500,anb  Anubis,Fuscão 1500,False
49,WINDINGO,16,WINDINGO,anb  Anubis,INTZ,True
0,Limitless,8,Mythic,anc  Ancient,Mythic,False
1,Mythic,16,Mythic,ovp  Overpass,Limitless,True
2,Limitless,16,Limitless,vtg  Vertigo,Mythic,True
3,EG Black,10,MIBR,nuke  Nuke,MIBR,False
4,EG Black,11,MIBR,vtg  Vertigo,MIBR,False
5,MIBR,10,EG Black,ovp  Overpass,EG Black,False
6,Tricked,10,B8,nuke  Nuke,B8,False
7,iNation,14,EYEBALLERS,inf  Inferno,EYEBALLERS,False
8,500,7,HONORIS,mrg  Mirage,HONORIS,False
9,Tricked,14,Viperio,nuke  Nuke,Viperio,False
10,500,9,iNation,inf  Inferno,iNation,False
11,HONORIS,4,EYEBALLERS,inf  Inferno,EYEBALLERS,False
12,Into the Breach,16,Into the Breach,vtg  Vertigo,B8,True
13,Monte,11,MOUZ NXT,nuke  Nuke,MOUZ NXT,False
14,MOUZ NXT,16,Monte,mrg  Mirage,Monte,False
15,Monte,12,MOUZ NXT,vtg  Vertigo,MOUZ NXT,False
16,MASONIC,16,Into the Breach,inf  Inferno,Into the Breach,False
17,Into the Breach,16,Into the Breach,anc  Ancient,MASONIC,True
18,ECLOT,12,BIG Academy,ovp  Overpass,BIG Academy,False
19,ECLOT,19,ECLOT,vtg  Vertigo,BIG Academy,True
20,BIG Academy,19,BIG Academy,mrg  Mirage,ECLOT,True
21,Eternal Fire,6,500,mrg  Mirage,500,False
22,500,16,500,nuke  Nuke,Eternal Fire,True
23,Tricked,16,Tricked,inf  Inferno,K23,True
24,Tricked,13,K23,mrg  Mirage,K23,False
25,K23,11,Tricked,nuke  Nuke,Tricked,False
26,SINNERS,14,HONORIS,ovp  Overpass,HONORIS,False
27,HONORIS,16,HONORIS,vtg  Vertigo,SINNERS,True
28,SINNERS,16,SINNERS,nuke  Nuke,HONORIS,True
29,Sangal,11,iNation,inf  Inferno,iNation,False
30,Sangal,10,iNation,anc  Ancient,iNation,False
31,iNation,2,Sangal,mrg  Mirage,Sangal,False
32,Viperio,16,Viperio,ovp  Overpass,Forward,True
33,Viperio,10,Forward,anc  Ancient,Forward,False
34,Forward,12,Viperio,nuke  Nuke,Viperio,False
35,Sampi,17,Nexus,mrg  Mirage,Nexus,False
36,Nexus,16,Nexus,nuke  Nuke,Sampi,True
37,Websterz,12,EYEBALLERS,ovp  Overpass,EYEBALLERS,False
38,EYEBALLERS,16,EYEBALLERS,inf  Inferno,Websterz,True
39,B8,19,B8,mrg  Mirage,Lazer Cats,True
40,Lazer Cats,16,B8,anc  Ancient,B8,False
41,Singularity,12,Eternal Fire,anb  Anubis,Eternal Fire,False
42,Sangal,16,Sangal,anc  Ancient,Benched Heroes,True
43,500,16,500,inf  Inferno,Iron Branch,True
44,K23,19,K23,mrg  Mirage,Boston crab,True
45,iNation,16,iNation,inf  Inferno,Nemiga,True
46,GODSENT,13,Forward,inf  Inferno,Forward,False
47,ECSTATIC,12,HONORIS,vtg  Vertigo,HONORIS,False
48,PGE Turow,17,Into the Breach,vtg  Vertigo,Into the Breach,False
49,Shababs Botten,8,Tricked,nuke  Nuke,Tricked,False
0,HOTU,10,B8,anc  Ancient,B8,False
1,EveryBody Dance,8,EYEBALLERS,ovp  Overpass,EYEBALLERS,False
2,Lazer Cats,16,Lazer Cats,nuke  Nuke,JANO,True
3,allStars,9,Websterz,anb  Anubis,Websterz,False
4,SINNERS,16,SINNERS,nuke  Nuke,Juggernauts,True
5,Viperio,16,Viperio,nuke  Nuke,boomer demons,True
6,Permitta,6,MASONIC,vtg  Vertigo,MASONIC,False
7,The Prodigies,16,The Prodigies,nuke  Nuke,Zero Tenacity,True
8,Zero Tenacity,13,The Prodigies,inf  Inferno,The Prodigies,False
9,The Prodigies,12,Zero Tenacity,mrg  Mirage,Zero Tenacity,False
10,Nouns,16,Nouns,vtg  Vertigo,paiN,True
11,Nouns,13,paiN,nuke  Nuke,paiN,False
12,paiN,17,Nouns,ovp  Overpass,Nouns,False
13,Noxious,9,MIBR,ovp  Overpass,MIBR,False
14,MIBR,16,MIBR,vtg  Vertigo,Noxious,True
15,FURIA Academy,11,Paquetá,ovp  Overpass,Paquetá,False
16,Paquetá,19,Paquetá,mrg  Mirage,FURIA Academy,True
17,FURIA Academy,13,Paquetá,nuke  Nuke,Paquetá,False
18,Monte,13,PROSPECTS,ovp  Overpass,PROSPECTS,False
19,PROSPECTS,16,PROSPECTS,mrg  Mirage,Monte,True
20,Illuminar,16,Coalesce,ovp  Overpass,Coalesce,False
21,Illuminar,16,Illuminar,anb  Anubis,Coalesce,True
22,Illuminar,11,Coalesce,inf  Inferno,Coalesce,False
23,PROSPECTS,16,PROSPECTS,inf  Inferno,MOUZ NXT,True
24,Apeks,9,Young Ninjas,vtg  Vertigo,Young Ninjas,False
25,Young Ninjas,16,Young Ninjas,ovp  Overpass,Apeks,True
26,Sampi,16,Sampi,nuke  Nuke,Viperio,True
27,Sampi,11,Viperio,anb  Anubis,Viperio,False
28,Viperio,13,Sampi,ovp  Overpass,Sampi,False
29,Nexus,3,EYEBALLERS,vtg  Vertigo,EYEBALLERS,False
30,EYEBALLERS,16,EYEBALLERS,mrg  Mirage,Nexus,True
31,Monte,16,Monte,anb  Anubis,Forward,True
32,Spirit Academy,16,Spirit Academy,ovp  Overpass,Tricked,True
33,Tricked,6,Spirit Academy,vtg  Vertigo,Spirit Academy,False
34,Nexus,16,Nexus,anc  Ancient,Invictus International,True
35,Invictus International,16,Invictus International,inf  Inferno,Nexus,True
36,Nexus,16,Nexus,nuke  Nuke,Invictus International,True
37,ATK,9,MIBR,vtg  Vertigo,MIBR,False
38,MIBR,16,MIBR,anb  Anubis,ATK,True
39,Strife,15,paiN,nuke  Nuke,paiN,False
40,paiN,16,paiN,mrg  Mirage,Strife,True
41,ATK,16,ATK,anc  Ancient,Evil Geniuses,True
42,Mythic,6,MIBR,anb  Anubis,MIBR,False
43,Demon Time,17,Evil Geniuses,nuke  Nuke,Evil Geniuses,False
44,ATK,16,ATK,inf  Inferno,Villainous,True
45,Infamous,6,Mythic,inf  Inferno,Mythic,False
46,MIBR,16,MIBR,anc  Ancient,Mad Kings,True
47,Imperial,14,Fluxo,mrg  Mirage,Fluxo,False
48,Imperial,16,Imperial,anc  Ancient,Fluxo,True
49,Fluxo,16,Fluxo,nuke  Nuke,Imperial,True
0,Fluxo,16,Fluxo,nuke  Nuke,Corinthians,True
1,Imperial,16,Imperial,vtg  Vertigo,INTZ,True
2,FURIA Academy,16,FURIA Academy,vtg  Vertigo,O PLANO,True
3,FURIA Academy,16,FURIA Academy,nuke  Nuke,O PLANO,True
4,O PLANO,16,O PLANO,mrg  Mirage,FURIA Academy,True
5,Endpoint,8,BLUEJAYS,anb  Anubis,BLUEJAYS,False
6,Endpoint,9,BLUEJAYS,inf  Inferno,BLUEJAYS,False
7,BLUEJAYS,4,Endpoint,ovp  Overpass,Endpoint,False
8,1WIN,16,1WIN,anc  Ancient,Sprout,True
9,1WIN,11,Sprout,vtg  Vertigo,Sprout,False
10,Sprout,11,1WIN,mrg  Mirage,1WIN,False
11,Corinthians,16,Corinthians,inf  Inferno,TropiCaos,True
12,Paquetá,13,INTZ,nuke  Nuke,INTZ,False
13,Fluxo,16,Fluxo,nuke  Nuke,FUSION,True
14,Imperial,16,Imperial,nuke  Nuke,ODDIK,True
15,Anonymo,8,Nexus,mrg  Mirage,Nexus,False
16,Nexus,16,Nexus,anc  Ancient,Anonymo,True
17,Zero Tenacity,16,Zero Tenacity,anb  Anubis,LIBURNA,True
18,Zero Tenacity,16,Zero Tenacity,mrg  Mirage,LIBURNA,True
19,Nigma Galaxy,22,Nigma Galaxy,vtg  Vertigo,NAVI Javelins,True
20,Nigma Galaxy,16,Nigma Galaxy,nuke  Nuke,NAVI Javelins,True
21,HONORIS,16,HONORIS,nuke  Nuke,Mixfits,True
22,HONORIS,9,Mixfits,ovp  Overpass,Mixfits,False
23,Mixfits,14,HONORIS,inf  Inferno,HONORIS,False
24,Anonymo,16,Anonymo,nuke  Nuke,undefined,True
25,undefined,8,Anonymo,ovp  Overpass,Anonymo,False
26,G2,16,G2,anc  Ancient,Heroic,True
27,Heroic,16,Heroic,inf  Inferno,G2,True
28,G2,16,G2,mrg  Mirage,Heroic,True
29,Heroic,12,G2,nuke  Nuke,G2,False
30,Juggernauts,16,Juggernauts,mrg  Mirage,INVSN,True
31,INVSN,10,Juggernauts,inf  Inferno,Juggernauts,False
32,Juggernauts,7,INVSN,vtg  Vertigo,INVSN,False
33,Into the Breach,12,FTW,anb  Anubis,FTW,False
34,FTW,16,FTW,inf  Inferno,Into the Breach,True
35,Nigma Galaxy,19,Nigma Galaxy,anc  Ancient,FURIA fe,True
36,FURIA fe,16,FURIA fe,inf  Inferno,Nigma Galaxy,True
37,Nigma Galaxy,16,Nigma Galaxy,nuke  Nuke,FURIA fe,True
38,TENSTAR,16,TENSTAR,inf  Inferno,iDestructive,True
39,iDestructive,4,TENSTAR,anc  Ancient,TENSTAR,False
40,The Prodigies,22,The Prodigies,anc  Ancient,Sampi,True
41,The Prodigies,16,The Prodigies,anb  Anubis,Sampi,True
42,Eternal Fire Academy,15,Anonymo,anc  Ancient,Anonymo,False
43,Eternal Fire Academy,13,Anonymo,vtg  Vertigo,Anonymo,False
44,Anonymo,12,Eternal Fire Academy,mrg  Mirage,Eternal Fire Academy,False
45,B4 fe,9,NAVI Javelins,nuke  Nuke,NAVI Javelins,False
46,NAVI Javelins,16,NAVI Javelins,anb  Anubis,B4 fe,True
47,Zero Tenacity,16,Zero Tenacity,ovp  Overpass,Invictus International,True
48,Invictus International,3,Zero Tenacity,nuke  Nuke,Zero Tenacity,False
49,undefined,16,undefined,inf  Inferno,NtK,True
0,NtK,2,undefined,anc  Ancient,undefined,False
1,ODDIK,16,ODDIK,anb  Anubis,Black Pearl,True
2,Imperial,16,Imperial,inf  Inferno,Selecao do bt0,True
3,Case,12,Corinthians,inf  Inferno,Corinthians,False
4,Fluxo,16,Fluxo,mrg  Mirage,Furious,True
5,TropiCaos,16,TropiCaos,anc  Ancient,feA,True
6,INTZ,19,INTZ,anc  Ancient,ex-Isurus,True
7,Paquetá,16,Paquetá,nuke  Nuke,ARCTIC,True
8,Meta,13,FUSION,nuke  Nuke,FUSION,False
9,Coalesce,6,iNation,inf  Inferno,iNation,False
10,Coalesce,19,Coalesce,anc  Ancient,iNation,True
11,iNation,16,iNation,ovp  Overpass,Coalesce,True
12,FURIA Academy,10,Paquetá,nuke  Nuke,Paquetá,False
13,Paquetá,16,Paquetá,mrg  Mirage,FURIA Academy,True
14,Liquid,11,G2,inf  Inferno,G2,False
15,Liquid,10,G2,anb  Anubis,G2,False
16,HONORIS,17,Illuminar,mrg  Mirage,Illuminar,False
17,Illuminar,16,Illuminar,nuke  Nuke,HONORIS,True
18,undefined,5,iNation,inf  Inferno,iNation,False
19,iNation,16,iNation,nuke  Nuke,undefined,True
20,O PLANO,16,O PLANO,inf  Inferno,Boca Juniors,True
21,O PLANO,16,O PLANO,mrg  Mirage,Boca Juniors,True
22,O PLANO,14,Boca Juniors,anb  Anubis,Boca Juniors,False
23,Natus Vincere,8,Heroic,mrg  Mirage,Heroic,False
24,Heroic,16,Heroic,inf  Inferno,Natus Vincere,True
25,HSG fe,11,B4 fe,ovp  Overpass,B4 fe,False
26,B4 fe,6,HSG fe,vtg  Vertigo,HSG fe,False
27,HSG fe,11,B4 fe,anc  Ancient,B4 fe,False
28,Young Ninjas,16,Young Ninjas,vtg  Vertigo,EYEBALLERS,True
29,EYEBALLERS,5,Young Ninjas,mrg  Mirage,Young Ninjas,False
30,Young Ninjas,15,EYEBALLERS,inf  Inferno,EYEBALLERS,False
31,TENSTAR,9,Nexus,vtg  Vertigo,Nexus,False
32,Nexus,16,Nexus,anc  Ancient,TENSTAR,True
33,9 Pandas Fearless,8,FURIA fe,nuke  Nuke,FURIA fe,False
34,9 Pandas Fearless,14,FURIA fe,anb  Anubis,FURIA fe,False
35,9INE,16,9INE,anc  Ancient,Falcons,True
36,Falcons,25,9INE,mrg  Mirage,9INE,False
37,Tricked,16,Tricked,vtg  Vertigo,BLUEJAYS,True
38,BLUEJAYS,17,Tricked,ovp  Overpass,Tricked,False
39,Tricked,10,BLUEJAYS,mrg  Mirage,BLUEJAYS,False
40,Saints,2,HSG fe,inf  Inferno,HSG fe,False
41,HSG fe,16,HSG fe,ovp  Overpass,Saints,True
42,Detonate,11,Strife,anb  Anubis,Strife,False
43,Strife,22,Strife,inf  Inferno,Detonate,True
44,Detonate,16,Detonate,vtg  Vertigo,Strife,True
45,Nouns,16,Nouns,mrg  Mirage,Vendetta,True
46,Vendetta,9,Nouns,ovp  Overpass,Nouns,False
47,EG White,1,ATK,inf  Inferno,ATK,False
48,ATK,6,EG White,vtg  Vertigo,EG White,False
49,EG White,16,ATK,anb  Anubis,ATK,False
0,paiN,16,paiN,vtg  Vertigo,Take Flyte,True
1,Take Flyte,11,paiN,nuke  Nuke,paiN,False
2,Boca Juniors,12,Paquetá,nuke  Nuke,Paquetá,False
3,Boca Juniors,16,Boca Juniors,ovp  Overpass,Paquetá,True
4,Paquetá,16,Paquetá,inf  Inferno,Boca Juniors,True
5,Ultimate Power,5,VOYVODA,mrg  Mirage,VOYVODA,False
6,VOYVODA,16,VOYVODA,inf  Inferno,Ultimate Power,True
7,CLG Red,10,9 Pandas Fearless,vtg  Vertigo,9 Pandas Fearless,False
8,9 Pandas Fearless,10,CLG Red,ovp  Overpass,CLG Red,False
9,CLG Red,13,9 Pandas Fearless,mrg  Mirage,9 Pandas Fearless,False
10,Into the Breach,14,Spirit Academy,nuke  Nuke,Spirit Academy,False
11,Spirit Academy,22,Spirit Academy,inf  Inferno,Into the Breach,True
12,FURIA Academy,16,FURIA Academy,ovp  Overpass,O PLANO,True
13,FURIA Academy,6,O PLANO,nuke  Nuke,O PLANO,False
14,O PLANO,8,FURIA Academy,mrg  Mirage,FURIA Academy,False
15,Vitality,12,Liquid,mrg  Mirage,Liquid,False
16,Liquid,7,Vitality,nuke  Nuke,Vitality,False
17,Vitality,17,Liquid,ovp  Overpass,Liquid,False
18,FURIA fe,6,NAVI Javelins,nuke  Nuke,NAVI Javelins,False
19,EC Brugge,19,EC Brugge,mrg  Mirage,Rapid Ninjas,True
20,Rapid Ninjas,16,Rapid Ninjas,nuke  Nuke,EC Brugge,True
21,EC Brugge,16,EC Brugge,inf  Inferno,Rapid Ninjas,True
22,Nigma Galaxy,16,Nigma Galaxy,vtg  Vertigo,B4 fe,True
23,Mixfits,10,Nexus,nuke  Nuke,Nexus,False
24,Nexus,10,Mixfits,anb  Anubis,Mixfits,False
25,Mixfits,10,Nexus,inf  Inferno,Nexus,False
26,HONORIS,11,BIG,mrg  Mirage,BIG,False
27,HONORIS,15,BIG,inf  Inferno,BIG,False
28,BIG,14,HONORIS,nuke  Nuke,HONORIS,False
29,Natus Vincere,16,Natus Vincere,inf  Inferno,Outsiders,True
30,Natus Vincere,16,Natus Vincere,ovp  Overpass,Outsiders,True
31,FURIA fe,22,FURIA fe,mrg  Mirage,9 Pandas Fearless,True
32,Endpoint,16,Endpoint,anc  Ancient,los kogutos,True
33,Endpoint,16,Endpoint,vtg  Vertigo,los kogutos,True
34,CLG Red,11,NAVI Javelins,anc  Ancient,NAVI Javelins,False
35,HSG fe,20,B4 fe,vtg  Vertigo,B4 fe,False
36,FTW,19,FTW,anb  Anubis,UNGENTIUM,True
37,FTW,16,FTW,anc  Ancient,UNGENTIUM,True
38,Nigma Galaxy,16,Nigma Galaxy,inf  Inferno,Saints,True
39,Coalesce,16,Coalesce,inf  Inferno,BLUEJAYS,True
40,BLUEJAYS,11,Coalesce,vtg  Vertigo,Coalesce,False
41,BIG,16,BIG,nuke  Nuke,ENCE,True
42,ENCE,9,BIG,inf  Inferno,BIG,False
43,HONORIS,8,9INE,vtg  Vertigo,9INE,False
44,9INE,22,9INE,nuke  Nuke,HONORIS,True
45,Young Ninjas,16,Young Ninjas,mrg  Mirage,Into the Breach,True
46,Young Ninjas,13,Into the Breach,inf  Inferno,Into the Breach,False
47,Into the Breach,13,Young Ninjas,anc  Ancient,Young Ninjas,False
48,ENCE,16,ENCE,anc  Ancient,Monte,True
49,Monte,7,ENCE,nuke  Nuke,ENCE,False
0,ENCE,12,Monte,anb  Anubis,Monte,False
1,HEET,11,BIG,anc  Ancient,BIG,False
2,HEET,6,BIG,inf  Inferno,BIG,False
3,BIG Academy,5,Endpoint,anc  Ancient,Endpoint,False
4,BIG Academy,7,Endpoint,mrg  Mirage,Endpoint,False
5,Endpoint,4,BIG Academy,anb  Anubis,BIG Academy,False
6,Nexus,8,iNation,anb  Anubis,iNation,False
7,Nexus,14,iNation,vtg  Vertigo,iNation,False
8,ECLOT,10,Copenhagen Flames,nuke  Nuke,Copenhagen Flames,False
9,ECLOT,16,ECLOT,inf  Inferno,Copenhagen Flames,True
10,Copenhagen Flames,16,Copenhagen Flames,anc  Ancient,ECLOT,True
11,HONORIS,13,EYEBALLERS,ovp  Overpass,EYEBALLERS,False
12,HONORIS,16,HONORIS,vtg  Vertigo,EYEBALLERS,True
13,EYEBALLERS,16,EYEBALLERS,inf  Inferno,HONORIS,True
14,paiN,16,paiN,anc  Ancient,Limitless,True
15,Limitless,6,paiN,nuke  Nuke,paiN,False
16,Snakes Den,8,Nouns,mrg  Mirage,Nouns,False
17,Nouns,16,Nouns,inf  Inferno,Snakes Den,True
18,Noxious,13,Vendetta,ovp  Overpass,Vendetta,False
19,Vendetta,16,Vendetta,mrg  Mirage,Noxious,True
20,Strife,8,MIBR,nuke  Nuke,MIBR,False
21,MIBR,16,MIBR,anb  Anubis,Strife,True
22,REIGN,14,Take Flyte,nuke  Nuke,Take Flyte,False
23,Take Flyte,16,Take Flyte,anb  Anubis,REIGN,True
24,Bad News Eagles,12,ENCE,vtg  Vertigo,ENCE,False
25,ENCE,16,ENCE,mrg  Mirage,Bad News Eagles,True
26,HONORIS,16,HONORIS,inf  Inferno,HEET,True
27,HEET,15,HONORIS,nuke  Nuke,HONORIS,False
28,Sprout,9,BIG,mrg  Mirage,BIG,False
29,Sprout,8,BIG,inf  Inferno,BIG,False
30,9INE,16,9INE,nuke  Nuke,Monte,True
31,Monte,7,9INE,vtg  Vertigo,9INE,False
32,9INE,10,Monte,mrg  Mirage,Monte,False
33,Tricked,16,Tricked,mrg  Mirage,los kogutos,True
34,los kogutos,11,Tricked,ovp  Overpass,Tricked,False
35,K23,16,K23,nuke  Nuke,FTW,True
36,FTW,20,K23,ovp  Overpass,K23,False
37,LDLC,10,Endpoint,inf  Inferno,Endpoint,False
38,Endpoint,19,Endpoint,anb  Anubis,LDLC,True
39,GODSENT,16,GODSENT,anc  Ancient,Apeks,True
40,Apeks,13,GODSENT,inf  Inferno,GODSENT,False
41,Monte,16,Monte,nuke  Nuke,BIG,True
42,Monte,16,Monte,anc  Ancient,BIG,True
43,BIG,16,BIG,mrg  Mirage,Monte,True
44,HONORIS,16,HONORIS,nuke  Nuke,ENCE,True
45,HONORIS,13,ENCE,vtg  Vertigo,ENCE,False
46,9INE,16,9INE,mrg  Mirage,Sprout,True
47,9INE,13,Sprout,anc  Ancient,Sprout,False
48,Sprout,13,9INE,ovp  Overpass,9INE,False
49,HEET,16,HEET,inf  Inferno,Bad News Eagles,True
0,HEET,19,HEET,anc  Ancient,Bad News Eagles,True
1,Bad News Eagles,16,Bad News Eagles,vtg  Vertigo,HEET,True
2,ENCE,10,HONORIS,inf  Inferno,HONORIS,False
3,IKLA,16,IKLA,ovp  Overpass,Illuminar,True
4,Illuminar,16,Illuminar,anb  Anubis,IKLA,True
5,Illuminar,5,IKLA,inf  Inferno,IKLA,False
6,Spirit Academy,16,Spirit Academy,nuke  Nuke,FTW,True
7,FTW,10,Spirit Academy,vtg  Vertigo,Spirit Academy,False
8,UNGENTIUM,4,Illuminar,vtg  Vertigo,Illuminar,False
9,Illuminar,19,Illuminar,inf  Inferno,UNGENTIUM,True
10,Red Wolves,6,Detonate,inf  Inferno,Detonate,False
11,Detonate,16,Detonate,mrg  Mirage,Red Wolves,True
12,Red Wolves,16,Red Wolves,vtg  Vertigo,Detonate,True
13,Eros,8,Strife,anb  Anubis,Strife,False
14,Strife,16,Strife,mrg  Mirage,Eros,True
15,ATK,13,Limitless,anc  Ancient,Limitless,False
16,Limitless,4,ATK,anb  Anubis,ATK,False
17,ATK,1,Limitless,ovp  Overpass,Limitless,False
18,Nouns,9,MIBR,vtg  Vertigo,MIBR,False
19,MIBR,16,MIBR,anc  Ancient,Nouns,True
20,Disconnected,18,Vendetta,inf  Inferno,Vendetta,False
21,Vendetta,16,Vendetta,vtg  Vertigo,Disconnected,True
22,ATK,16,ATK,mrg  Mirage,Noxious,True
23,Noxious,5,ATK,ovp  Overpass,ATK,False
24,Natus Vincere,7,G2,nuke  Nuke,G2,False
25,G2,16,G2,inf  Inferno,Natus Vincere,True
26,UNGENTIUM,12,Young Ninjas,mrg  Mirage,Young Ninjas,False
27,Young Ninjas,16,Young Ninjas,anc  Ancient,UNGENTIUM,True
28,Complexity,13,Outsiders,inf  Inferno,Outsiders,False
29,Complexity,16,Complexity,ovp  Overpass,Outsiders,True
30,Complexity,15,Outsiders,anb  Anubis,Outsiders,False
31,ex-Finest,16,ex-Finest,vtg  Vertigo,Sangal,True
32,ex-Finest,7,Sangal,inf  Inferno,Sangal,False
33,Sangal,12,ex-Finest,anc  Ancient,ex-Finest,False
34,9INE,16,9INE,anb  Anubis,Bad News Eagles,True
35,9INE,5,Bad News Eagles,mrg  Mirage,Bad News Eagles,False
36,Bad News Eagles,7,9INE,ovp  Overpass,9INE,False
37,Illuminar,14,Nexus,nuke  Nuke,Nexus,False
38,Nexus,3,Illuminar,anb  Anubis,Illuminar,False
39,Illuminar,7,Nexus,inf  Inferno,Nexus,False
40,FaZe,13,Liquid,mrg  Mirage,Liquid,False
41,FaZe,11,Liquid,ovp  Overpass,Liquid,False
42,FaZe,16,FaZe,inf  Inferno,Liquid,True
43,VOYVODA,16,VOYVODA,nuke  Nuke,MOUZ NXT,True
44,MOUZ NXT,13,VOYVODA,inf  Inferno,VOYVODA,False
45,Vitality,4,Heroic,ovp  Overpass,Heroic,False
46,Heroic,16,Heroic,inf  Inferno,Vitality,True
47,Partizan,4,9INE,vtg  Vertigo,9INE,False
48,9INE,16,9INE,anb  Anubis,Partizan,True
49,los kogutos,16,HONORIS,ovp  Overpass,HONORIS,False
0,HONORIS,19,HONORIS,mrg  Mirage,los kogutos,True
1,UNGENTIUM,13,VOYVODA,mrg  Mirage,VOYVODA,False
2,VOYVODA,16,VOYVODA,anc  Ancient,UNGENTIUM,True
3,Complexity,16,Complexity,ovp  Overpass,fnatic,True
4,Complexity,9,fnatic,vtg  Vertigo,fnatic,False
5,fnatic,8,Complexity,inf  Inferno,Complexity,False
6,OG,12,Outsiders,ovp  Overpass,Outsiders,False
7,Outsiders,16,Outsiders,inf  Inferno,OG,True
8,Tricked,6,Monte,vtg  Vertigo,Monte,False
9,Monte,16,Tricked,nuke  Nuke,Tricked,False
10,Tricked,16,Monte,mrg  Mirage,Monte,False
11,EYEBALLERS,16,EYEBALLERS,anb  Anubis,Spirit Academy,True
12,Spirit Academy,5,EYEBALLERS,ovp  Overpass,EYEBALLERS,False
13,Detonate,19,Detonate,anb  Anubis,ATK,True
14,Detonate,16,Detonate,mrg  Mirage,ATK,True
15,ATK,16,ATK,inf  Inferno,Detonate,True
16,Vendetta,6,MIBR,vtg  Vertigo,MIBR,False
17,Vendetta,19,Vendetta,nuke  Nuke,MIBR,True
18,MIBR,16,MIBR,inf  Inferno,Vendetta,True
19,Into the Breach,16,Into the Breach,vtg  Vertigo,Nexus,True
20,Nexus,19,Nexus,inf  Inferno,Into the Breach,True
21,Into the Breach,16,Into the Breach,mrg  Mirage,Nexus,True
22,FTW,16,iNation,inf  Inferno,iNation,False
23,iNation,19,iNation,vtg  Vertigo,FTW,True
24,Liquid,16,Liquid,anb  Anubis,Spirit,True
25,Spirit,16,Spirit,ovp  Overpass,Liquid,True
26,Liquid,16,Liquid,nuke  Nuke,Spirit,True
27,IHC,3,FaZe,anc  Ancient,FaZe,False
28,FaZe,16,FaZe,inf  Inferno,IHC,True
29,Astralis,19,Astralis,nuke  Nuke,Aurora,True
30,Astralis,9,Aurora,mrg  Mirage,Aurora,False
31,Aurora,8,Astralis,anc  Ancient,Astralis,False
32,Into the Breach,16,Into the Breach,vtg  Vertigo,Tricked,True
33,Into the Breach,16,Into the Breach,nuke  Nuke,Tricked,True
34,Tricked,16,Tricked,mrg  Mirage,Into the Breach,True
35,Falcons,9,GamerLegion,anb  Anubis,GamerLegion,False
36,GamerLegion,16,GamerLegion,vtg  Vertigo,Falcons,True
37,Copenhagen Flames,6,Astralis,anc  Ancient,Astralis,False
38,Astralis,16,Astralis,vtg  Vertigo,Copenhagen Flames,True
39,MOUZ,12,Complexity,anc  Ancient,Complexity,False
40,Complexity,12,MOUZ,nuke  Nuke,MOUZ,False
41,MOUZ,9,Complexity,inf  Inferno,Complexity,False
42,fnatic,13,Vitality,nuke  Nuke,Vitality,False
43,fnatic,16,fnatic,mrg  Mirage,Vitality,True
44,Vitality,16,Vitality,ovp  Overpass,fnatic,True
45,BLUEJAYS,16,BLUEJAYS,anb  Anubis,Mixfits,True
46,Mixfits,14,BLUEJAYS,inf  Inferno,BLUEJAYS,False
47,Young Ninjas,9,HAVU,anc  Ancient,HAVU,False
48,HAVU,16,HAVU,inf  Inferno,Young Ninjas,True
49,VOYVODA,16,VOYVODA,anb  Anubis,GTZ,True
0,VOYVODA,16,VOYVODA,mrg  Mirage,GTZ,True
1,GODSENT,12,GamerLegion,anc  Ancient,GamerLegion,False
2,GODSENT,16,GODSENT,mrg  Mirage,GamerLegion,True
3,GamerLegion,19,GamerLegion,vtg  Vertigo,GODSENT,True
4,Illuminar,13,Aurora,nuke  Nuke,Aurora,False
5,Aurora,16,Aurora,ovp  Overpass,Illuminar,True
6,Illuminar,19,Illuminar,mrg  Mirage,Aurora,True
7,Outsiders,16,Outsiders,inf  Inferno,Ninjas in Pyjamas,True
8,Ninjas in Pyjamas,12,Outsiders,ovp  Overpass,Outsiders,False
9,Outsiders,5,Ninjas in Pyjamas,vtg  Vertigo,Ninjas in Pyjamas,False
10,OG,12,Heroic,mrg  Mirage,Heroic,False
11,Heroic,16,Heroic,inf  Inferno,OG,True
12,Coalesce,22,Coalesce,vtg  Vertigo,Endpoint,True
13,Endpoint,6,Coalesce,inf  Inferno,Coalesce,False
14,Coalesce,2,Endpoint,mrg  Mirage,Endpoint,False
15,EYEBALLERS,16,EYEBALLERS,inf  Inferno,500,True
16,EYEBALLERS,14,500,ovp  Overpass,500,False
17,500,13,EYEBALLERS,mrg  Mirage,EYEBALLERS,False
18,Mystic,9,Red Wolves,vtg  Vertigo,Red Wolves,False
19,Red Wolves,12,Mystic,nuke  Nuke,Mystic,False
20,Mystic,11,Red Wolves,mrg  Mirage,Red Wolves,False
21,Limitless,16,Limitless,nuke  Nuke,Cartel terraza,True
22,Cartel terraza,19,Cartel terraza,ovp  Overpass,Limitless,True
23,Limitless,16,Limitless,anc  Ancient,Cartel terraza,True
24,Falcons,16,Falcons,ovp  Overpass,GODSENT,True
25,GODSENT,14,Falcons,nuke  Nuke,Falcons,False
26,IHC,16,IHC,mrg  Mirage,Cloud9,True
27,Cloud9,14,IHC,inf  Inferno,IHC,False
28,Atlantic,16,MOUZ NXT,mrg  Mirage,MOUZ NXT,False
29,Atlantic,16,Atlantic,vtg  Vertigo,MOUZ NXT,True
30,MOUZ NXT,16,MOUZ NXT,nuke  Nuke,Atlantic,True
31,Limitless,10,Eros,anc  Ancient,Eros,False
32,Eros,16,Eros,nuke  Nuke,Limitless,True
33,Noxious,7,Vendetta,nuke  Nuke,Vendetta,False
34,Natus Vincere,19,Natus Vincere,anb  Anubis,Liquid,True
35,Liquid,5,Natus Vincere,inf  Inferno,Natus Vincere,False
36,HONORIS,10,HEET,inf  Inferno,HEET,False
37,HEET,16,HEET,ovp  Overpass,HONORIS,True
38,UNGENTIUM,19,UNGENTIUM,anb  Anubis,JANO,True
39,JANO,6,UNGENTIUM,nuke  Nuke,UNGENTIUM,False
40,Copenhagen Flames,16,Copenhagen Flames,ovp  Overpass,SINNERS,True
41,SINNERS,13,Copenhagen Flames,vtg  Vertigo,Copenhagen Flames,False
42,Apeks Rebels,8,Young Ninjas,inf  Inferno,Young Ninjas,False
43,Young Ninjas,16,Young Ninjas,vtg  Vertigo,Apeks Rebels,True
44,G2,16,G2,anc  Ancient,FaZe,True
45,FaZe,14,G2,nuke  Nuke,G2,False
46,Forward,16,Forward,ovp  Overpass,MOUZ NXT,True
47,MOUZ NXT,10,Forward,inf  Inferno,Forward,False
48,BIG,10,Spirit,anb  Anubis,Spirit,False
49,GamerLegion,16,GamerLegion,vtg  Vertigo,IKLA,True
0,Mythic,2,Evil Geniuses,ovp  Overpass,Evil Geniuses,False
1,Evil Geniuses,16,Evil Geniuses,inf  Inferno,Mythic,True
2,timbermen,17,TeamOne,inf  Inferno,TeamOne,False
3,ATK,16,ATK,anc  Ancient,Nouns,True
4,paiN,16,paiN,vtg  Vertigo,caffeine marauders,True
5,EG White,16,EG White,nuke  Nuke,Villainous,True
6,Villainous,12,EG White,mrg  Mirage,EG White,False
7,caffeine marauders,16,caffeine marauders,inf  Inferno,paiN,True
8,Corinthians,11,Fuscão 1500,ovp  Overpass,Fuscão 1500,False
9,Fuscão 1500,16,Fuscão 1500,vtg  Vertigo,Corinthians,True
10,9z,16,9z,ovp  Overpass,ODDIK,True
11,9z,16,9z,anb  Anubis,ODDIK,True
12,00NATION,18,O PLANO,ovp  Overpass,O PLANO,False
13,Eternal Fire,19,Eternal Fire,vtg  Vertigo,Bad News Eagles,True
14,Eternal Fire,9,Bad News Eagles,mrg  Mirage,Bad News Eagles,False
15,Eternal Fire,16,Eternal Fire,ovp  Overpass,Bad News Eagles,True
16,yur,16,yur,inf  Inferno,Nouns,True
17,Nouns,10,yur,ovp  Overpass,yur,False
18,Evil Geniuses,11,MIBR,anb  Anubis,MIBR,False
19,Evil Geniuses,9,MIBR,ovp  Overpass,MIBR,False
20,timbermen,12,Detonate,ovp  Overpass,Detonate,False
21,Detonate,16,Detonate,inf  Inferno,timbermen,True
22,Insilio,16,Insilio,anc  Ancient,Benched Heroes,True
23,Benched Heroes,9,Insilio,mrg  Mirage,Insilio,False
24,Paquetá,16,Paquetá,inf  Inferno,ODDIK,True
25,ODDIK,14,Paquetá,anb  Anubis,Paquetá,False
26,Paquetá,14,ODDIK,ovp  Overpass,ODDIK,False
27,Fuscão 1500,6,Flamengo,anb  Anubis,Flamengo,False
28,Flamengo,16,Flamengo,mrg  Mirage,Fuscão 1500,True
29,Fluxo,16,Fluxo,mrg  Mirage,9z,True
30,9z,4,Fluxo,inf  Inferno,Fluxo,False
31,Forward,10,Insilio,ovp  Overpass,Insilio,False
32,Insilio,16,Insilio,anb  Anubis,Forward,True
33,Benched Heroes,16,Benched Heroes,vtg  Vertigo,BIOS,True
34,BIOS,11,Benched Heroes,ovp  Overpass,Benched Heroes,False
35,JANO,12,SAW,nuke  Nuke,SAW,False
36,SAW,16,SAW,anc  Ancient,JANO,True
37,SINNERS,5,Partizan,nuke  Nuke,Partizan,False
38,SINNERS,14,Partizan,anb  Anubis,Partizan,False
39,SINNERS,16,SINNERS,vtg  Vertigo,Partizan,True
40,Eternal Fire,16,Eternal Fire,anb  Anubis,ENCE,True
41,Eternal Fire,16,Eternal Fire,vtg  Vertigo,ENCE,True
42,GenOne,3,SINNERS,vtg  Vertigo,SINNERS,False
43,NKT,7,Eruption,mrg  Mirage,Eruption,False
44,Eruption,16,Eruption,anc  Ancient,NKT,True
45,VOYVODA,9,Partizan,anb  Anubis,Partizan,False
46,Lynn Vision,13,TYLOO,vtg  Vertigo,TYLOO,False
47,Lynn Vision,13,TYLOO,anb  Anubis,TYLOO,False
48,The Prodigies,11,ECLOT,nuke  Nuke,ECLOT,False
49,ECLOT,16,ECLOT,inf  Inferno,The Prodigies,True
0,Tricked,14,JANO,nuke  Nuke,JANO,False
1,JANO,19,JANO,mrg  Mirage,Tricked,True
2,HEET,10,SAW,anc  Ancient,SAW,False
3,SAW,16,SAW,vtg  Vertigo,HEET,True
4,500,16,500,ovp  Overpass,HAVU,True
5,HAVU,14,500,anc  Ancient,500,False
6,iNation,16,iNation,anb  Anubis,Into the Breach,True
7,Into the Breach,10,iNation,vtg  Vertigo,iNation,False
8,Renewal,5,NKT,nuke  Nuke,NKT,False
9,NKT,16,NKT,mrg  Mirage,Renewal,True
10,Renewal,16,Renewal,inf  Inferno,NKT,True
11,Take me away,9,TYLOO,mrg  Mirage,TYLOO,False
12,Take me away,7,TYLOO,anb  Anubis,TYLOO,False
13,Take me away,16,Take me away,inf  Inferno,TYLOO,True
14,Encore,7,VERTEX,mrg  Mirage,VERTEX,False
15,Encore,8,VERTEX,vtg  Vertigo,VERTEX,False
16,Take Flyte,14,Mythic,inf  Inferno,Mythic,False
17,Mythic,13,Take Flyte,anc  Ancient,Take Flyte,False
18,Vendetta,16,ATK,ovp  Overpass,ATK,False
19,ATK,16,ATK,anc  Ancient,Vendetta,True
20,Strife,5,TeamOne,ovp  Overpass,TeamOne,False
21,TeamOne,16,TeamOne,mrg  Mirage,Strife,True
22,Mythic,12,yur,inf  Inferno,yur,False
23,Vendetta,8,Evil Geniuses,inf  Inferno,Evil Geniuses,False
24,Detonate,16,Detonate,inf  Inferno,ATK,True
25,Nouns,16,Nouns,inf  Inferno,Strife,True
26,O PLANO,16,O PLANO,vtg  Vertigo,Sharks,True
27,O PLANO,16,O PLANO,nuke  Nuke,Sharks,True
28,Sharks,16,Sharks,anb  Anubis,O PLANO,True
29,Corinthians,16,Corinthians,ovp  Overpass,RED Canids,True
30,RED Canids,11,Corinthians,anb  Anubis,Corinthians,False
31,00NATION,16,00NATION,inf  Inferno,INTZ,True
32,INTZ,3,00NATION,vtg  Vertigo,00NATION,False
33,Eternal Fire,12,Bad News Eagles,inf  Inferno,Bad News Eagles,False
34,Eternal Fire,14,Bad News Eagles,anb  Anubis,Bad News Eagles,False
35,Eternal Fire,16,Eternal Fire,mrg  Mirage,Bad News Eagles,True
36,Fuscão 1500,19,Fuscão 1500,vtg  Vertigo,O PLANO,True
37,Sharks,9,9z,mrg  Mirage,9z,False
38,Paquetá,16,Paquetá,mrg  Mirage,RED Canids,True
39,Flamengo,16,Flamengo,mrg  Mirage,Corinthians,True
40,MIBR,10,Complexity,anc  Ancient,Complexity,False
41,Complexity,16,Complexity,nuke  Nuke,MIBR,True
42,Complexity,10,MIBR,anb  Anubis,MIBR,False
43,TeamOne,16,TeamOne,anc  Ancient,4ORMULA,True
44,4ORMULA,6,TeamOne,inf  Inferno,TeamOne,False
45,paiN,16,paiN,vtg  Vertigo,timbermen,True
46,timbermen,12,paiN,mrg  Mirage,paiN,False
47,Take Flyte,16,Take Flyte,nuke  Nuke,REIGN,True
48,REIGN,5,Take Flyte,inf  Inferno,Take Flyte,False
49,Aurora,16,Aurora,nuke  Nuke,HEET,True
0,forZe,16,forZe,mrg  Mirage,500,True
1,500,12,forZe,inf  Inferno,forZe,False
2,forZe,9,500,ovp  Overpass,500,False
3,iNation,16,iNation,inf  Inferno,JANO,True
4,JANO,12,iNation,nuke  Nuke,iNation,False
5,HEET,16,HEET,inf  Inferno,Aurora,True
6,Aurora,16,Aurora,anb  Anubis,HEET,True
7,Viperio,16,Viperio,nuke  Nuke,SAW,True
8,SAW,10,Viperio,anb  Anubis,Viperio,False
9,B8,16,B8,inf  Inferno,Tricked,True
10,B8,16,B8,vtg  Vertigo,Tricked,True
11,HAVU,8,Into the Breach,mrg  Mirage,Into the Breach,False
12,Into the Breach,16,Into the Breach,inf  Inferno,HAVU,True
13,HAVU,16,HAVU,anc  Ancient,Into the Breach,True
14,00NATION,19,00NATION,ovp  Overpass,ARCTIC,True
15,ARCTIC,13,00NATION,anc  Ancient,00NATION,False
16,Fluxo,9,Imperial,vtg  Vertigo,Imperial,False
17,Imperial,16,Imperial,ovp  Overpass,Fluxo,True
18,BESTIA,16,BESTIA,ovp  Overpass,ODDIK,True
19,ODDIK,12,BESTIA,anb  Anubis,BESTIA,False
20,WINDINGO,13,INTZ,nuke  Nuke,INTZ,False
21,INTZ,16,INTZ,anc  Ancient,WINDINGO,True
22,ENCE,16,ENCE,nuke  Nuke,Movistar Riders,True
23,ENCE,4,Movistar Riders,mrg  Mirage,Movistar Riders,False
24,Movistar Riders,14,ENCE,inf  Inferno,ENCE,False
25,Monte,19,Monte,nuke  Nuke,HEET,True
26,HEET,13,Monte,vtg  Vertigo,Monte,False
27,Monte,13,HEET,anb  Anubis,HEET,False
28,Falcons,16,Falcons,ovp  Overpass,500,True
29,500,17,Falcons,mrg  Mirage,Falcons,False
30,Falcons,10,500,nuke  Nuke,500,False
31,SAW,14,Astralis,inf  Inferno,Astralis,False
32,SAW,19,SAW,vtg  Vertigo,Astralis,True
33,SAW,7,Astralis,anc  Ancient,Astralis,False
34,Illuminar,14,forZe,mrg  Mirage,forZe,False
35,forZe,16,forZe,ovp  Overpass,Illuminar,True
36,Eternal Fire,16,Eternal Fire,vtg  Vertigo,Into the Breach,True
37,Eternal Fire,16,Eternal Fire,nuke  Nuke,Into the Breach,True
38,OG,16,OG,mrg  Mirage,Aurora,True
39,Aurora,11,OG,anb  Anubis,OG,False
40,Tricked,9,1WIN,nuke  Nuke,1WIN,False
41,1WIN,16,1WIN,mrg  Mirage,Tricked,True
42,EC Brugge,9,Nexus,anc  Ancient,Nexus,False
43,Nexus,16,Nexus,inf  Inferno,EC Brugge,True
44,Eruption,10,IHC,anc  Ancient,IHC,False
45,IHC,16,IHC,inf  Inferno,Eruption,True
46,Bad News Eagles,16,Bad News Eagles,anc  Ancient,Movistar Riders,True
47,Movistar Riders,8,Bad News Eagles,ovp  Overpass,Bad News Eagles,False
48,PROSPECTS,13,los kogutos,ovp  Overpass,los kogutos,False
49,los kogutos,16,los kogutos,vtg  Vertigo,PROSPECTS,True
0,Sangal,16,Sangal,mrg  Mirage,MASONIC,True
1,MASONIC,10,Sangal,ovp  Overpass,Sangal,False
2,PGE Turow,13,Viperio,anc  Ancient,Viperio,False
3,Viperio,13,PGE Turow,nuke  Nuke,PGE Turow,False
4,PGE Turow,10,Viperio,vtg  Vertigo,Viperio,False
5,B8,16,B8,nuke  Nuke,LDLC,True
6,LDLC,16,LDLC,ovp  Overpass,B8,True
7,B8,16,B8,vtg  Vertigo,LDLC,True
8,JANO,16,JANO,mrg  Mirage,Anonymo,True
9,Anonymo,14,JANO,ovp  Overpass,JANO,False
10,iNation,16,iNation,anb  Anubis,EYEBALLERS,True
11,EYEBALLERS,12,iNation,ovp  Overpass,iNation,False
12,HAVU,16,HAVU,anc  Ancient,Mixfits,True
13,HAVU,16,HAVU,anb  Anubis,Mixfits,True
14,NKT,16,NKT,inf  Inferno,Kintsugi,True
15,Kintsugi,4,NKT,nuke  Nuke,NKT,False
16,Rare Atom,16,Rare Atom,nuke  Nuke,Lynn Vision,True
17,Lynn Vision,25,Lynn Vision,vtg  Vertigo,Rare Atom,True
18,Lynn Vision,1,Rare Atom,inf  Inferno,Rare Atom,False
19,Vladivostok,8,Renewal,anc  Ancient,Renewal,False
20,Renewal,16,Renewal,inf  Inferno,Vladivostok,True
21,Antic,8,VERTEX,inf  Inferno,VERTEX,False
22,VERTEX,16,VERTEX,ovp  Overpass,Antic,True
23,Antic,16,Antic,vtg  Vertigo,VERTEX,True
24,Permitta,19,Permitta,mrg  Mirage,sYnck,True
25,sYnck,16,sYnck,vtg  Vertigo,Permitta,True
26,Permitta,16,Permitta,anc  Ancient,sYnck,True
27,Eternal Fire,16,Eternal Fire,vtg  Vertigo,ENCE,True
28,Eternal Fire,16,Eternal Fire,inf  Inferno,ENCE,True
29,Grayhound,16,Grayhound,inf  Inferno,Encore,True
30,Encore,16,Grayhound,nuke  Nuke,Grayhound,False
31,ParisDemons,12,Take me away,inf  Inferno,Take me away,False
32,Take me away,16,Take me away,nuke  Nuke,ParisDemons,True
33,Wings Up,6,TYLOO,inf  Inferno,TYLOO,False
34,Wings Up,9,TYLOO,anb  Anubis,TYLOO,False
35,Kintsugi,16,Kintsugi,anb  Anubis,Clutch,True
36,Clutch,16,Clutch,nuke  Nuke,Kintsugi,True
37,Kintsugi,16,Kintsugi,anc  Ancient,Clutch,True
38,ILIN,7,Renewal,nuke  Nuke,Renewal,False
39,Renewal,11,ILIN,inf  Inferno,ILIN,False
40,ILIN,12,Renewal,mrg  Mirage,Renewal,False
41,VERTEX,16,VERTEX,ovp  Overpass,e-LEMON-ators,True
42,e-LEMON-ators,6,VERTEX,vtg  Vertigo,VERTEX,False
43,Lord Rabbit,13,ParisDemons,anb  Anubis,ParisDemons,False
44,ParisDemons,16,ParisDemons,inf  Inferno,Lord Rabbit,True
45,Antic,16,Antic,vtg  Vertigo,Majestic Foghorns,True
46,Majestic Foghorns,8,Antic,inf  Inferno,Antic,False
47,HSG fe,0,TYLOO,inf  Inferno,TYLOO,False
48,TYLOO,16,TYLOO,ovp  Overpass,HSG fe,True
49,Vendetta,16,Vendetta,anc  Ancient,TeamOne,True
0,4ORMULA,14,ATK,inf  Inferno,ATK,False
1,REIGN,8,Evil Geniuses,inf  Inferno,Evil Geniuses,False
2,Nouns,16,Nouns,mrg  Mirage,Take Flyte,True
3,yur,9,Complexity,nuke  Nuke,Complexity,False
4,Strife,2,paiN,nuke  Nuke,paiN,False
5,Mythic,2,timbermen,ovp  Overpass,timbermen,False
6,Detonate,4,MIBR,nuke  Nuke,MIBR,False
7,00NATION,17,Paquetá,mrg  Mirage,Paquetá,False
8,ARCTIC,11,O PLANO,nuke  Nuke,O PLANO,False
9,WINDINGO,4,Corinthians,ovp  Overpass,Corinthians,False
10,INTZ,3,9z,mrg  Mirage,9z,False
11,Mythic,16,Mythic,ovp  Overpass,TeamOne,True
12,timbermen,16,timbermen,anc  Ancient,Vendetta,True
13,ODDIK,16,ODDIK,nuke  Nuke,Sharks,True
14,RED Canids,8,Imperial,inf  Inferno,Imperial,False
15,Fuscão 1500,7,BESTIA,inf  Inferno,BESTIA,False
16,Flamengo,3,Fluxo,vtg  Vertigo,Fluxo,False
17,REIGN,10,Complexity,nuke  Nuke,Complexity,False
18,Strife,16,Strife,mrg  Mirage,ATK,True
19,Fuscão 1500,16,Fuscão 1500,inf  Inferno,ARCTIC,True
20,yur,19,yur,nuke  Nuke,Evil Geniuses,True
21,Nouns,11,Detonate,vtg  Vertigo,Detonate,False
22,BESTIA,16,BESTIA,mrg  Mirage,O PLANO,True
23,Take Flyte,13,MIBR,anb  Anubis,MIBR,False
24,4ORMULA,12,paiN,vtg  Vertigo,paiN,False
25,Flamengo,16,Flamengo,mrg  Mirage,00NATION,True
26,Paquetá,9,Fluxo,vtg  Vertigo,Fluxo,False
27,Copenhagen Flames,11,PGE Turow,nuke  Nuke,PGE Turow,False
28,PGE Turow,16,PGE Turow,vtg  Vertigo,Copenhagen Flames,True
29,Copenhagen Flames,16,Copenhagen Flames,anc  Ancient,PGE Turow,True
30,ECSTATIC,12,forZe,nuke  Nuke,forZe,False
31,forZe,16,forZe,inf  Inferno,ECSTATIC,True
32,ECSTATIC,16,ECSTATIC,anc  Ancient,forZe,True
33,B8,16,B8,inf  Inferno,IKLA,True
34,IKLA,14,B8,mrg  Mirage,B8,False
35,B8,11,IKLA,anc  Ancient,IKLA,False
36,HONORIS,12,EYEBALLERS,vtg  Vertigo,EYEBALLERS,False
37,EYEBALLERS,16,EYEBALLERS,inf  Inferno,HONORIS,True
38,ODDIK,25,ODDIK,ovp  Overpass,Corinthians,True
39,RED Canids,16,RED Canids,inf  Inferno,9z,True
40,Eternal Fire,16,Eternal Fire,inf  Inferno,HAVU,True
41,Movistar Riders,16,Movistar Riders,nuke  Nuke,Spirit,True
42,Spirit,16,Spirit,ovp  Overpass,Movistar Riders,True
43,Movistar Riders,16,Movistar Riders,mrg  Mirage,Spirit,True
44,Sharks,16,Sharks,anb  Anubis,WINDINGO,True
45,INTZ,9,Imperial,mrg  Mirage,Imperial,False
46,Fuscão 1500,16,FURIA Academy,inf  Inferno,FURIA Academy,False
47,FURIA Academy,16,FURIA Academy,ovp  Overpass,Fuscão 1500,True
48,GamerLegion,16,GamerLegion,anc  Ancient,HEET,True
49,Into the Breach,13,9INE,anc  Ancient,9INE,False
0,500,3,Apeks,anc  Ancient,Apeks,False
1,Apeks,9,500,mrg  Mirage,500,False
2,500,7,Apeks,inf  Inferno,Apeks,False
3,HEET,13,GamerLegion,inf  Inferno,GamerLegion,False
4,GamerLegion,13,HEET,ovp  Overpass,HEET,False
5,9INE,10,Into the Breach,anb  Anubis,Into the Breach,False
6,Into the Breach,10,9INE,vtg  Vertigo,9INE,False
7,Tricked,7,G2,nuke  Nuke,G2,False
8,G2,16,G2,inf  Inferno,Tricked,True
9,Illuminar,17,Falcons,ovp  Overpass,Falcons,False
10,Anonymo,13,OG,anc  Ancient,OG,False
11,iNation,8,Monte,anc  Ancient,Monte,False
12,JANO,2,Aurora,nuke  Nuke,Aurora,False
13,LDLC,10,1WIN,nuke  Nuke,1WIN,False
14,SAW,16,SAW,anb  Anubis,Mixfits,True
15,Astralis,16,Astralis,ovp  Overpass,Viperio,True
16,NKT,6,Eruption,ovp  Overpass,Eruption,False
17,Eternal Fire,16,Eternal Fire,nuke  Nuke,forZe,True
18,forZe,12,Eternal Fire,ovp  Overpass,Eternal Fire,False
19,forZe,16,forZe,anb  Anubis,Eternal Fire,True
20,Nexus,7,K23,mrg  Mirage,K23,False
21,Nexus,16,Nexus,inf  Inferno,K23,True
22,Nexus,11,K23,anb  Anubis,K23,False
23,Take me away,7,Rare Atom,nuke  Nuke,Rare Atom,False
24,Vladivostok,9,IHC,nuke  Nuke,IHC,False
25,NKT,16,NKT,anc  Ancient,Renewal,True
26,Wings Up,12,Lynn Vision,nuke  Nuke,Lynn Vision,False
27,Take me away,16,Take me away,inf  Inferno,HSG fe,True
28,K23,16,K23,ovp  Overpass,MASONIC,True
29,Rare Atom,16,Rare Atom,anb  Anubis,TYLOO,True
30,ILIN,1,Eruption,anc  Ancient,Eruption,False
31,Clutch,17,Vladivostok,nuke  Nuke,Vladivostok,False
32,Lord Rabbit,7,Wings Up,inf  Inferno,Wings Up,False
33,Kintsugi,8,IHC,anb  Anubis,IHC,False
34,ParisDemons,6,Lynn Vision,nuke  Nuke,Lynn Vision,False
35,Movistar Riders,16,Movistar Riders,ovp  Overpass,Sprout,True
36,Sprout,7,Movistar Riders,inf  Inferno,Movistar Riders,False
37,Sangal,17,Nexus,inf  Inferno,Nexus,False
38,Majestic Foghorns,16,Majestic Foghorns,anb  Anubis,DeadWeight,True
39,DeadWeight,17,Majestic Foghorns,inf  Inferno,Majestic Foghorns,False
40,e-LEMON-ators,16,e-LEMON-ators,inf  Inferno,KZG,True
41,e-LEMON-ators,16,e-LEMON-ators,mrg  Mirage,KZG,True
42,Eternal Fire,16,Eternal Fire,ovp  Overpass,HONORIS,True
43,HONORIS,10,Eternal Fire,nuke  Nuke,Eternal Fire,False
44,Encore,16,Encore,inf  Inferno,VERTEX,True
45,Antic,6,Grayhound,nuke  Nuke,Grayhound,False
46,Encore,16,Encore,nuke  Nuke,Majestic Foghorns,True
47,VERTEX,16,VERTEX,vtg  Vertigo,DeadWeight,True
48,Antic,19,Antic,vtg  Vertigo,e-LEMON-ators,True
49,KZG,10,Grayhound,inf  Inferno,Grayhound,False
0,4ORMULA,16,4ORMULA,vtg  Vertigo,Take Flyte,True
1,MIBR,16,MIBR,anc  Ancient,Complexity,True
2,Complexity,16,Complexity,ovp  Overpass,MIBR,True
3,MIBR,16,MIBR,anb  Anubis,Complexity,True
4,RED Canids,16,RED Canids,mrg  Mirage,Paquetá,True
5,INTZ,16,INTZ,anc  Ancient,Flamengo,True
6,9z,16,9z,nuke  Nuke,Fluxo,True
7,9z,2,Fluxo,ovp  Overpass,Fluxo,False
8,Fluxo,9,9z,mrg  Mirage,9z,False
9,X13,13,Take Flyte,anc  Ancient,Take Flyte,False
10,Take Flyte,16,Take Flyte,nuke  Nuke,X13,True
11,Take Flyte,4,X13,inf  Inferno,X13,False
12,Cartel terraza,16,REIGN,inf  Inferno,REIGN,False
13,REIGN,16,REIGN,nuke  Nuke,Cartel terraza,True
14,4ORMULA,19,4ORMULA,inf  Inferno,Davenport University,True
15,4ORMULA,16,4ORMULA,ovp  Overpass,Davenport University,True
16,yur,16,yur,ovp  Overpass,Mystique,True
17,Mystique,3,yur,vtg  Vertigo,yur,False
18,ECSTATIC,14,Monte,anc  Ancient,Monte,False
19,EYEBALLERS,12,Anonymo,mrg  Mirage,Anonymo,False
20,iNation,16,iNation,ovp  Overpass,HONORIS,True
21,JANO,16,JANO,mrg  Mirage,forZe,True
22,FUSION,8,RED Canids,inf  Inferno,RED Canids,False
23,RED Canids,16,RED Canids,nuke  Nuke,FUSION,True
24,Complexity,16,Complexity,ovp  Overpass,paiN,True
25,paiN,14,Complexity,nuke  Nuke,Complexity,False
26,Spirit,17,ENCE,mrg  Mirage,ENCE,False
27,ENCE,16,ENCE,nuke  Nuke,Spirit,True
28,Spirit,19,Spirit,anb  Anubis,ENCE,True
29,IKLA,14,1WIN,ovp  Overpass,1WIN,False
30,Mixfits,16,Mixfits,inf  Inferno,Copenhagen Flames,True
31,SAW,16,SAW,vtg  Vertigo,B8,True
32,PGE Turow,2,Astralis,nuke  Nuke,Astralis,False
33,INTZ,16,INTZ,nuke  Nuke,CARECAS,True
34,INTZ,16,INTZ,anb  Anubis,CARECAS,True
35,Flamengo,16,Flamengo,mrg  Mirage,Boca Juniors,True
36,Boca Juniors,8,Flamengo,anb  Anubis,Flamengo,False
37,Paquetá,16,Paquetá,ovp  Overpass,Furious,True
38,Furious,5,Paquetá,inf  Inferno,Paquetá,False
39,Illuminar,11,GamerLegion,inf  Inferno,GamerLegion,False
40,HEET,16,HEET,inf  Inferno,OG,True
41,Apeks,16,Apeks,inf  Inferno,Falcons,True
42,500,16,500,ovp  Overpass,Aurora,True
43,ENCE,16,ENCE,nuke  Nuke,Movistar Riders,True
44,Eternal Fire,23,9INE,nuke  Nuke,9INE,False
45,Viperio,12,Into the Breach,vtg  Vertigo,Into the Breach,False
46,Tricked,16,Tricked,nuke  Nuke,HAVU,True
47,LDLC,5,G2,nuke  Nuke,G2,False
48,00NATION,12,9z,nuke  Nuke,9z,False
49,00NATION,16,00NATION,anc  Ancient,9z,True
0,00NATION,12,9z,inf  Inferno,9z,False
1,Apeks,16,Apeks,anb  Anubis,iNation,True
2,500,19,500,nuke  Nuke,Monte,True
3,Illuminar,16,Illuminar,ovp  Overpass,EYEBALLERS,True
4,Falcons,16,Falcons,nuke  Nuke,HONORIS,True
5,HEET,16,HEET,inf  Inferno,forZe,True
6,Spirit,16,Spirit,anb  Anubis,Sprout,True
7,Anonymo,14,GamerLegion,nuke  Nuke,GamerLegion,False
8,JANO,17,OG,mrg  Mirage,OG,False
9,ECSTATIC,11,Aurora,nuke  Nuke,Aurora,False
10,B8,19,HAVU,anc  Ancient,HAVU,False
11,Viperio,19,Viperio,vtg  Vertigo,1WIN,True
12,Into the Breach,16,Into the Breach,inf  Inferno,IKLA,True
13,Tricked,16,Tricked,nuke  Nuke,SAW,True
14,LDLC,16,LDLC,inf  Inferno,Astralis,True
15,Eternal Fire,16,Eternal Fire,nuke  Nuke,Copenhagen Flames,True
16,Mixfits,7,9INE,ovp  Overpass,9INE,False
17,PGE Turow,5,G2,nuke  Nuke,G2,False
18,ILIN,5,Vladivostok,nuke  Nuke,Vladivostok,False
19,Renewal,16,Renewal,nuke  Nuke,Kintsugi,True
20,ParisDemons,9,TYLOO,anc  Ancient,TYLOO,False
21,forZe,12,Bad News Eagles,mrg  Mirage,Bad News Eagles,False
22,Bad News Eagles,16,Bad News Eagles,anc  Ancient,forZe,True
23,forZe,16,forZe,ovp  Overpass,Bad News Eagles,True
24,Kintsugi,10,Vladivostok,anc  Ancient,Vladivostok,False
25,ParisDemons,12,Lord Rabbit,mrg  Mirage,Lord Rabbit,False
26,TYLOO,14,Take me away,vtg  Vertigo,Take me away,False
27,Renewal,13,ILIN,nuke  Nuke,ILIN,False
28,Monte,16,Monte,anb  Anubis,IKLA,True
29,IKLA,10,Monte,anc  Ancient,Monte,False
30,Eternal Fire,14,Bad News Eagles,inf  Inferno,Bad News Eagles,False
31,DeadWeight,16,DeadWeight,inf  Inferno,KZG,True
32,Majestic Foghorns,7,Antic,nuke  Nuke,Antic,False
33,Renewal,16,Renewal,inf  Inferno,Troublemakers,True
34,Troublemakers,10,Renewal,mrg  Mirage,Renewal,False
35,KZG,8,Majestic Foghorns,mrg  Mirage,Majestic Foghorns,False
36,The Prodigies,8,Nexus,nuke  Nuke,Nexus,False
37,Nexus,16,Nexus,ovp  Overpass,The Prodigies,True
38,The Prodigies,4,Nexus,mrg  Mirage,Nexus,False
39,JiJieHao,22,ParisDemons,anc  Ancient,ParisDemons,False
40,ParisDemons,16,ParisDemons,nuke  Nuke,JiJieHao,True
41,TYLOO,16,TYLOO,ovp  Overpass,CR,True
42,CR,11,TYLOO,mrg  Mirage,TYLOO,False
43,Newhappy,12,Lord Rabbit,inf  Inferno,Lord Rabbit,False
44,Lord Rabbit,16,Lord Rabbit,anc  Ancient,Newhappy,True
45,Newhappy,16,Newhappy,anb  Anubis,Lord Rabbit,True
46,Take me away,22,Take me away,vtg  Vertigo,Hard,True
47,Hard,13,Take me away,mrg  Mirage,Take me away,False
48,DeadWeight,17,Antic,vtg  Vertigo,Antic,False
49,Kintsugi,16,Kintsugi,nuke  Nuke,QUAZAR,True
0,QUAZAR,16,QUAZAR,anb  Anubis,Kintsugi,True
1,Kintsugi,16,Kintsugi,anc  Ancient,QUAZAR,True
2,ILIN,16,ILIN,inf  Inferno,SHYNE,True
3,SHYNE,8,ILIN,nuke  Nuke,ILIN,False
4,Vladivostok,19,Vladivostok,ovp  Overpass,GR,True
5,GR,4,Vladivostok,anc  Ancient,Vladivostok,False
6,forZe,16,forZe,inf  Inferno,HONORIS,True
7,KZG,16,KZG,inf  Inferno,Problematic Kings,True
8,Problematic Kings,14,KZG,ovp  Overpass,KZG,False
9,Antic,16,Antic,nuke  Nuke,SWMG,True
10,SWMG,8,Antic,inf  Inferno,Antic,False
11,God's Work,8,Majestic Foghorns,inf  Inferno,Majestic Foghorns,False
12,Majestic Foghorns,16,Majestic Foghorns,anb  Anubis,God's Work,True
13,DeadWeight,16,DeadWeight,vtg  Vertigo,Toxic,True
14,Toxic,14,DeadWeight,anc  Ancient,DeadWeight,False
15,paiN,16,paiN,vtg  Vertigo,ATK,True
16,ATK,16,paiN,inf  Inferno,paiN,False
17,Complexity,3,MIBR,inf  Inferno,MIBR,False
18,Complexity,9,MIBR,anb  Anubis,MIBR,False
19,9z,10,Fluxo,ovp  Overpass,Fluxo,False
20,Fluxo,16,Fluxo,mrg  Mirage,9z,True
21,00NATION,16,00NATION,ovp  Overpass,O PLANO,True
22,O PLANO,6,00NATION,inf  Inferno,00NATION,False
23,paiN,13,MIBR,nuke  Nuke,MIBR,False
24,MIBR,19,MIBR,vtg  Vertigo,paiN,True
25,Complexity,16,Complexity,ovp  Overpass,ATK,True
26,ATK,13,Complexity,inf  Inferno,Complexity,False
27,Mythic,16,Mythic,inf  Inferno,Strife,True
28,00NATION,14,Fluxo,anc  Ancient,Fluxo,False
29,00NATION,16,00NATION,anb  Anubis,Fluxo,True
30,Fluxo,16,Fluxo,nuke  Nuke,00NATION,True
31,9z,16,9z,ovp  Overpass,O PLANO,True
32,O PLANO,19,9z,inf  Inferno,9z,False
33,Mixfits,8,Eternal Fire,anb  Anubis,Eternal Fire,False
34,ECSTATIC,16,ECSTATIC,anb  Anubis,JANO,True
35,LDLC,19,LDLC,anb  Anubis,PGE Turow,True
36,Detonate,13,timbermen,mrg  Mirage,timbermen,False
37,Illuminar,16,Illuminar,ovp  Overpass,FTW,True
38,FTW,9,Illuminar,inf  Inferno,Illuminar,False
39,Anonymo,16,HEET,nuke  Nuke,HEET,False
40,WINDINGO,16,Fuscão 1500,anb  Anubis,Fuscão 1500,False
41,ECSTATIC,9,Eternal Fire,nuke  Nuke,Eternal Fire,False
42,Mixfits,16,Mixfits,inf  Inferno,JANO,True
43,BESTIA,16,BESTIA,anc  Ancient,ODDIK,True
44,LDLC,9,Anonymo,ovp  Overpass,Anonymo,False
45,4ORMULA,12,Strife,mrg  Mirage,Strife,False
46,Strife,16,Strife,nuke  Nuke,4ORMULA,True
47,timbermen,16,timbermen,mrg  Mirage,Cartel terraza,True
48,Detonate,16,Detonate,nuke  Nuke,skriptovie,True
49,skriptovie,1,Detonate,mrg  Mirage,Detonate,False
0,Cartel terraza,10,timbermen,anc  Ancient,timbermen,False
1,4ORMULA,16,4ORMULA,inf  Inferno,Strife,True
2,PGE Turow,1,HEET,anc  Ancient,HEET,False
3,HONORIS,12,Tricked,mrg  Mirage,Tricked,False
4,Tricked,16,Tricked,nuke  Nuke,HONORIS,True
5,Paquetá,9,BESTIA,nuke  Nuke,BESTIA,False
6,BESTIA,16,BESTIA,inf  Inferno,Paquetá,True
7,WINDINGO,16,WINDINGO,ovp  Overpass,Boca Juniors,True
8,Boca Juniors,16,Boca Juniors,inf  Inferno,WINDINGO,True
9,WINDINGO,16,WINDINGO,nuke  Nuke,Boca Juniors,True
10,Flamengo,20,Fuscão 1500,anc  Ancient,Fuscão 1500,False
11,Fuscão 1500,16,Fuscão 1500,vtg  Vertigo,Flamengo,True
12,Furious,9,ODDIK,anb  Anubis,ODDIK,False
13,Furious,9,ODDIK,mrg  Mirage,ODDIK,False
14,Eternal Fire,16,Eternal Fire,mrg  Mirage,GODSENT,True
15,Eternal Fire,19,Eternal Fire,inf  Inferno,GODSENT,True
16,ECSTATIC,16,ECSTATIC,anc  Ancient,K23,True
17,ECSTATIC,8,K23,nuke  Nuke,K23,False
18,K23,11,ECSTATIC,inf  Inferno,ECSTATIC,False
19,Mixfits,19,Mixfits,anb  Anubis,GenOne,True
20,GenOne,4,Mixfits,ovp  Overpass,Mixfits,False
21,Mixfits,13,GenOne,inf  Inferno,GenOne,False
22,LDLC,16,LDLC,nuke  Nuke,SINNERS,True
23,SINNERS,16,SINNERS,ovp  Overpass,LDLC,True
24,SINNERS,14,LDLC,anb  Anubis,LDLC,False
25,Partizan,17,Anonymo,mrg  Mirage,Anonymo,False
26,Anonymo,16,Anonymo,anc  Ancient,Partizan,True
27,Nexus,9,HEET,vtg  Vertigo,HEET,False
28,Nexus,15,HEET,anc  Ancient,HEET,False
29,PGE Turow,16,PGE Turow,vtg  Vertigo,Dripmen,True
30,Dripmen,7,PGE Turow,inf  Inferno,PGE Turow,False
31,FTW,10,JANO,anb  Anubis,JANO,False
32,JANO,19,JANO,nuke  Nuke,FTW,True
33,FTW,16,FTW,inf  Inferno,JANO,True
34,Into the Breach,14,Illuminar,inf  Inferno,Illuminar,False
35,Illuminar,16,Illuminar,ovp  Overpass,Into the Breach,True
36,9INE,12,EYEBALLERS,ovp  Overpass,EYEBALLERS,False
37,9INE,13,EYEBALLERS,vtg  Vertigo,EYEBALLERS,False
38,EYEBALLERS,12,9INE,mrg  Mirage,9INE,False
39,Zero Tenacity,14,Nexus,nuke  Nuke,Nexus,False
40,Nexus,16,Nexus,vtg  Vertigo,Zero Tenacity,True
41,Zero Tenacity,19,Zero Tenacity,ovp  Overpass,Nexus,True
42,TropiCaos,7,BESTIA,ovp  Overpass,BESTIA,False
43,CAT,16,Paquetá,ovp  Overpass,Paquetá,False
44,ODDIK,16,ODDIK,anb  Anubis,Case,True
45,Boca Juniors,16,Boca Juniors,anc  Ancient,CARECAS,True
46,Flamengo,16,Flamengo,vtg  Vertigo,Question Mark!,True
47,Furious,22,Furious,inf  Inferno,FUSION,True
48,Fuscão 1500,19,Fuscão 1500,anb  Anubis,RED Canids,True
49,INTZ,9,WINDINGO,anb  Anubis,WINDINGO,False
0,Mythic,16,Mythic,anc  Ancient,Limitless,True
1,Limitless,13,Mythic,ovp  Overpass,Mythic,False
2,Mythic,11,Limitless,vtg  Vertigo,Limitless,False
3,MIBR,16,MIBR,nuke  Nuke,EG Black,True
4,MIBR,16,MIBR,vtg  Vertigo,EG Black,True
5,EG Black,16,EG Black,ovp  Overpass,MIBR,True
6,B8,16,B8,nuke  Nuke,Tricked,True
7,EYEBALLERS,16,EYEBALLERS,inf  Inferno,iNation,True
8,HONORIS,16,HONORIS,mrg  Mirage,500,True
9,Viperio,16,Viperio,nuke  Nuke,Tricked,True
10,iNation,16,iNation,inf  Inferno,500,True
11,EYEBALLERS,16,EYEBALLERS,inf  Inferno,HONORIS,True
12,B8,14,Into the Breach,vtg  Vertigo,Into the Breach,False
13,MOUZ NXT,16,MOUZ NXT,nuke  Nuke,Monte,True
14,Monte,19,Monte,mrg  Mirage,MOUZ NXT,True
15,MOUZ NXT,16,MOUZ NXT,vtg  Vertigo,Monte,True
16,Into the Breach,19,Into the Breach,inf  Inferno,MASONIC,True
17,MASONIC,14,Into the Breach,anc  Ancient,Into the Breach,False
18,BIG Academy,16,BIG Academy,ovp  Overpass,ECLOT,True
19,BIG Academy,17,ECLOT,vtg  Vertigo,ECLOT,False
20,ECLOT,17,BIG Academy,mrg  Mirage,BIG Academy,False
21,500,16,500,mrg  Mirage,Eternal Fire,True
22,Eternal Fire,14,500,nuke  Nuke,500,False
23,K23,11,Tricked,inf  Inferno,Tricked,False
24,K23,16,K23,mrg  Mirage,Tricked,True
25,Tricked,16,Tricked,nuke  Nuke,K23,True
26,HONORIS,16,HONORIS,ovp  Overpass,SINNERS,True
27,SINNERS,7,HONORIS,vtg  Vertigo,HONORIS,False
28,HONORIS,5,SINNERS,nuke  Nuke,SINNERS,False
29,iNation,16,iNation,inf  Inferno,Sangal,True
30,iNation,16,iNation,anc  Ancient,Sangal,True
31,Sangal,16,Sangal,mrg  Mirage,iNation,True
32,Forward,9,Viperio,ovp  Overpass,Viperio,False
33,Forward,16,Forward,anc  Ancient,Viperio,True
34,Viperio,16,Viperio,nuke  Nuke,Forward,True
35,Nexus,19,Nexus,mrg  Mirage,Sampi,True
36,Sampi,12,Nexus,nuke  Nuke,Nexus,False
37,EYEBALLERS,16,EYEBALLERS,ovp  Overpass,Websterz,True
38,Websterz,9,EYEBALLERS,inf  Inferno,EYEBALLERS,False
39,Lazer Cats,15,B8,mrg  Mirage,B8,False
40,B8,19,B8,anc  Ancient,Lazer Cats,True
41,Eternal Fire,16,Eternal Fire,anb  Anubis,Singularity,True
42,Benched Heroes,9,Sangal,anc  Ancient,Sangal,False
43,Iron Branch,13,500,inf  Inferno,500,False
44,Boston crab,16,K23,mrg  Mirage,K23,False
45,Nemiga,14,iNation,inf  Inferno,iNation,False
46,Forward,16,Forward,inf  Inferno,GODSENT,True
47,HONORIS,16,HONORIS,vtg  Vertigo,ECSTATIC,True
48,Into the Breach,19,Into the Breach,vtg  Vertigo,PGE Turow,True
49,Tricked,16,Tricked,nuke  Nuke,Shababs Botten,True
0,B8,16,B8,anc  Ancient,HOTU,True
1,EYEBALLERS,16,EYEBALLERS,ovp  Overpass,EveryBody Dance,True
2,JANO,10,Lazer Cats,nuke  Nuke,Lazer Cats,False
3,Websterz,16,Websterz,anb  Anubis,allStars,True
4,Juggernauts,6,SINNERS,nuke  Nuke,SINNERS,False
5,boomer demons,12,Viperio,nuke  Nuke,Viperio,False
6,MASONIC,16,MASONIC,vtg  Vertigo,Permitta,True
7,Zero Tenacity,5,The Prodigies,nuke  Nuke,The Prodigies,False
8,The Prodigies,16,The Prodigies,inf  Inferno,Zero Tenacity,True
9,Zero Tenacity,16,Zero Tenacity,mrg  Mirage,The Prodigies,True
10,paiN,14,Nouns,vtg  Vertigo,Nouns,False
11,paiN,16,paiN,nuke  Nuke,Nouns,True
12,Nouns,19,Nouns,ovp  Overpass,paiN,True
13,MIBR,16,MIBR,ovp  Overpass,Noxious,True
14,Noxious,5,MIBR,vtg  Vertigo,MIBR,False
15,Paquetá,16,Paquetá,ovp  Overpass,FURIA Academy,True
16,FURIA Academy,16,Paquetá,mrg  Mirage,Paquetá,False
17,Paquetá,16,Paquetá,nuke  Nuke,FURIA Academy,True
18,PROSPECTS,16,PROSPECTS,ovp  Overpass,Monte,True
19,Monte,14,PROSPECTS,mrg  Mirage,PROSPECTS,False
20,Coalesce,19,Coalesce,ovp  Overpass,Illuminar,True
21,Coalesce,7,Illuminar,anb  Anubis,Illuminar,False
22,Coalesce,16,Coalesce,inf  Inferno,Illuminar,True
23,MOUZ NXT,10,PROSPECTS,inf  Inferno,PROSPECTS,False
24,Young Ninjas,16,Young Ninjas,vtg  Vertigo,Apeks,True
25,Apeks,14,Young Ninjas,ovp  Overpass,Young Ninjas,False
26,Viperio,14,Sampi,nuke  Nuke,Sampi,False
27,Viperio,16,Viperio,anb  Anubis,Sampi,True
28,Sampi,16,Sampi,ovp  Overpass,Viperio,True
29,EYEBALLERS,16,EYEBALLERS,vtg  Vertigo,Nexus,True
30,Nexus,9,EYEBALLERS,mrg  Mirage,EYEBALLERS,False
31,Forward,10,Monte,anb  Anubis,Monte,False
32,Tricked,8,Spirit Academy,ovp  Overpass,Spirit Academy,False
33,Spirit Academy,16,Spirit Academy,vtg  Vertigo,Tricked,True
34,Invictus International,12,Nexus,anc  Ancient,Nexus,False
35,Nexus,11,Invictus International,inf  Inferno,Invictus International,False
36,Invictus International,14,Nexus,nuke  Nuke,Nexus,False
37,MIBR,16,MIBR,vtg  Vertigo,ATK,True
38,ATK,12,MIBR,anb  Anubis,MIBR,False
39,paiN,19,paiN,nuke  Nuke,Strife,True
40,Strife,7,paiN,mrg  Mirage,paiN,False
41,Evil Geniuses,14,ATK,anc  Ancient,ATK,False
42,MIBR,16,MIBR,anb  Anubis,Mythic,True
43,Evil Geniuses,19,Evil Geniuses,nuke  Nuke,Demon Time,True
44,Villainous,9,ATK,inf  Inferno,ATK,False
45,Mythic,16,Mythic,inf  Inferno,Infamous,True
46,Mad Kings,2,MIBR,anc  Ancient,MIBR,False
47,Fluxo,16,Fluxo,mrg  Mirage,Imperial,True
48,Fluxo,7,Imperial,anc  Ancient,Imperial,False
49,Imperial,10,Fluxo,nuke  Nuke,Fluxo,False
0,Corinthians,10,Fluxo,nuke  Nuke,Fluxo,False
1,INTZ,9,Imperial,vtg  Vertigo,Imperial,False
2,O PLANO,10,FURIA Academy,vtg  Vertigo,FURIA Academy,False
3,O PLANO,8,FURIA Academy,nuke  Nuke,FURIA Academy,False
4,FURIA Academy,14,O PLANO,mrg  Mirage,O PLANO,False
5,BLUEJAYS,16,BLUEJAYS,anb  Anubis,Endpoint,True
6,BLUEJAYS,16,BLUEJAYS,inf  Inferno,Endpoint,True
7,Endpoint,16,Endpoint,ovp  Overpass,BLUEJAYS,True
8,Sprout,10,1WIN,anc  Ancient,1WIN,False
9,Sprout,16,Sprout,vtg  Vertigo,1WIN,True
10,1WIN,16,1WIN,mrg  Mirage,Sprout,True
11,TropiCaos,11,Corinthians,inf  Inferno,Corinthians,False
12,INTZ,16,INTZ,nuke  Nuke,Paquetá,True
13,FUSION,3,Fluxo,nuke  Nuke,Fluxo,False
14,ODDIK,4,Imperial,nuke  Nuke,Imperial,False
15,Nexus,16,Nexus,mrg  Mirage,Anonymo,True
16,Anonymo,12,Nexus,anc  Ancient,Nexus,False
17,LIBURNA,4,Zero Tenacity,anb  Anubis,Zero Tenacity,False
18,LIBURNA,5,Zero Tenacity,mrg  Mirage,Zero Tenacity,False
19,NAVI Javelins,19,Nigma Galaxy,vtg  Vertigo,Nigma Galaxy,False
20,NAVI Javelins,9,Nigma Galaxy,nuke  Nuke,Nigma Galaxy,False
21,Mixfits,7,HONORIS,nuke  Nuke,HONORIS,False
22,Mixfits,16,Mixfits,ovp  Overpass,HONORIS,True
23,HONORIS,16,HONORIS,inf  Inferno,Mixfits,True
24,undefined,12,Anonymo,nuke  Nuke,Anonymo,False
25,Anonymo,16,Anonymo,ovp  Overpass,undefined,True
26,Heroic,7,G2,anc  Ancient,G2,False
27,G2,11,Heroic,inf  Inferno,Heroic,False
28,Heroic,13,G2,mrg  Mirage,G2,False
29,G2,16,G2,nuke  Nuke,Heroic,True
30,INVSN,11,Juggernauts,mrg  Mirage,Juggernauts,False
31,Juggernauts,16,Juggernauts,inf  Inferno,INVSN,True
32,INVSN,16,INVSN,vtg  Vertigo,Juggernauts,True
33,FTW,16,FTW,anb  Anubis,Into the Breach,True
34,Into the Breach,7,FTW,inf  Inferno,FTW,False
35,FURIA fe,16,Nigma Galaxy,anc  Ancient,Nigma Galaxy,False
36,Nigma Galaxy,10,FURIA fe,inf  Inferno,FURIA fe,False
37,FURIA fe,11,Nigma Galaxy,nuke  Nuke,Nigma Galaxy,False
38,iDestructive,6,TENSTAR,inf  Inferno,TENSTAR,False
39,TENSTAR,16,TENSTAR,anc  Ancient,iDestructive,True
40,Sampi,20,The Prodigies,anc  Ancient,The Prodigies,False
41,Sampi,13,The Prodigies,anb  Anubis,The Prodigies,False
42,Anonymo,19,Anonymo,anc  Ancient,Eternal Fire Academy,True
43,Anonymo,16,Anonymo,vtg  Vertigo,Eternal Fire Academy,True
44,Eternal Fire Academy,16,Eternal Fire Academy,mrg  Mirage,Anonymo,True
45,NAVI Javelins,16,NAVI Javelins,nuke  Nuke,B4 fe,True
46,B4 fe,7,NAVI Javelins,anb  Anubis,NAVI Javelins,False
47,Invictus International,11,Zero Tenacity,ovp  Overpass,Zero Tenacity,False
48,Zero Tenacity,16,Zero Tenacity,nuke  Nuke,Invictus International,True
49,NtK,8,undefined,inf  Inferno,undefined,False
0,undefined,16,undefined,anc  Ancient,NtK,True
1,Black Pearl,12,ODDIK,anb  Anubis,ODDIK,False
2,Selecao do bt0,4,Imperial,inf  Inferno,Imperial,False
3,Corinthians,16,Corinthians,inf  Inferno,Case,True
4,Furious,7,Fluxo,mrg  Mirage,Fluxo,False
5,feA,14,TropiCaos,anc  Ancient,TropiCaos,False
6,ex-Isurus,15,INTZ,anc  Ancient,INTZ,False
7,ARCTIC,10,Paquetá,nuke  Nuke,Paquetá,False
8,FUSION,16,FUSION,nuke  Nuke,Meta,True
9,iNation,16,iNation,inf  Inferno,Coalesce,True
10,iNation,17,Coalesce,anc  Ancient,Coalesce,False
11,Coalesce,5,iNation,ovp  Overpass,iNation,False
12,Paquetá,16,Paquetá,nuke  Nuke,FURIA Academy,True
13,FURIA Academy,13,Paquetá,mrg  Mirage,Paquetá,False
14,G2,16,G2,inf  Inferno,Liquid,True
15,G2,16,G2,anb  Anubis,Liquid,True
16,Illuminar,19,Illuminar,mrg  Mirage,HONORIS,True
17,HONORIS,14,Illuminar,nuke  Nuke,Illuminar,False
18,iNation,16,iNation,inf  Inferno,undefined,True
19,undefined,9,iNation,nuke  Nuke,iNation,False
20,Boca Juniors,8,O PLANO,inf  Inferno,O PLANO,False
21,Boca Juniors,11,O PLANO,mrg  Mirage,O PLANO,False
22,Boca Juniors,16,Boca Juniors,anb  Anubis,O PLANO,True
23,Heroic,16,Heroic,mrg  Mirage,Natus Vincere,True
24,Natus Vincere,8,Heroic,inf  Inferno,Heroic,False
25,B4 fe,16,B4 fe,ovp  Overpass,HSG fe,True
26,HSG fe,16,HSG fe,vtg  Vertigo,B4 fe,True
27,B4 fe,16,B4 fe,anc  Ancient,HSG fe,True
28,EYEBALLERS,7,Young Ninjas,vtg  Vertigo,Young Ninjas,False
29,Young Ninjas,16,Young Ninjas,mrg  Mirage,EYEBALLERS,True
30,EYEBALLERS,19,EYEBALLERS,inf  Inferno,Young Ninjas,True
31,Nexus,16,Nexus,vtg  Vertigo,TENSTAR,True
32,TENSTAR,13,Nexus,anc  Ancient,Nexus,False
33,FURIA fe,16,FURIA fe,nuke  Nuke,9 Pandas Fearless,True
34,FURIA fe,16,FURIA fe,anb  Anubis,9 Pandas Fearless,True
35,Falcons,12,9INE,anc  Ancient,9INE,False
36,9INE,28,9INE,mrg  Mirage,Falcons,True
37,BLUEJAYS,12,Tricked,vtg  Vertigo,Tricked,False
38,Tricked,19,Tricked,ovp  Overpass,BLUEJAYS,True
39,BLUEJAYS,16,BLUEJAYS,mrg  Mirage,Tricked,True
40,HSG fe,16,HSG fe,inf  Inferno,Saints,True
41,Saints,2,HSG fe,ovp  Overpass,HSG fe,False
42,Strife,16,Strife,anb  Anubis,Detonate,True
43,Detonate,20,Strife,inf  Inferno,Strife,False
44,Strife,11,Detonate,vtg  Vertigo,Detonate,False
45,Vendetta,6,Nouns,mrg  Mirage,Nouns,False
46,Nouns,16,Nouns,ovp  Overpass,Vendetta,True
47,ATK,16,ATK,inf  Inferno,EG White,True
48,EG White,16,EG White,vtg  Vertigo,ATK,True
49,ATK,19,ATK,anb  Anubis,EG White,True
0,Take Flyte,3,paiN,vtg  Vertigo,paiN,False
1,paiN,16,paiN,nuke  Nuke,Take Flyte,True
2,Paquetá,16,Paquetá,nuke  Nuke,Boca Juniors,True
3,Paquetá,12,Boca Juniors,ovp  Overpass,Boca Juniors,False
4,Boca Juniors,13,Paquetá,inf  Inferno,Paquetá,False
5,VOYVODA,16,VOYVODA,mrg  Mirage,Ultimate Power,True
6,Ultimate Power,6,VOYVODA,inf  Inferno,VOYVODA,False
7,9 Pandas Fearless,16,9 Pandas Fearless,vtg  Vertigo,CLG Red,True
8,CLG Red,16,CLG Red,ovp  Overpass,9 Pandas Fearless,True
9,9 Pandas Fearless,16,9 Pandas Fearless,mrg  Mirage,CLG Red,True
10,Spirit Academy,16,Spirit Academy,nuke  Nuke,Into the Breach,True
11,Into the Breach,20,Spirit Academy,inf  Inferno,Spirit Academy,False
12,O PLANO,7,FURIA Academy,ovp  Overpass,FURIA Academy,False
13,O PLANO,16,O PLANO,nuke  Nuke,FURIA Academy,True
14,FURIA Academy,16,FURIA Academy,mrg  Mirage,O PLANO,True
15,Liquid,16,Liquid,mrg  Mirage,Vitality,True
16,Vitality,16,Vitality,nuke  Nuke,Liquid,True
17,Liquid,19,Liquid,ovp  Overpass,Vitality,True
18,NAVI Javelins,16,NAVI Javelins,nuke  Nuke,FURIA fe,True
19,Rapid Ninjas,16,EC Brugge,mrg  Mirage,EC Brugge,False
20,EC Brugge,11,Rapid Ninjas,nuke  Nuke,Rapid Ninjas,False
21,Rapid Ninjas,8,EC Brugge,inf  Inferno,EC Brugge,False
22,B4 fe,8,Nigma Galaxy,vtg  Vertigo,Nigma Galaxy,False
23,Nexus,16,Nexus,nuke  Nuke,Mixfits,True
24,Mixfits,16,Mixfits,anb  Anubis,Nexus,True
25,Nexus,16,Nexus,inf  Inferno,Mixfits,True
26,BIG,16,BIG,mrg  Mirage,HONORIS,True
27,BIG,19,BIG,inf  Inferno,HONORIS,True
28,HONORIS,16,HONORIS,nuke  Nuke,BIG,True
29,Outsiders,12,Natus Vincere,inf  Inferno,Natus Vincere,False
30,Outsiders,13,Natus Vincere,ovp  Overpass,Natus Vincere,False
31,9 Pandas Fearless,19,FURIA fe,mrg  Mirage,FURIA fe,False
32,los kogutos,10,Endpoint,anc  Ancient,Endpoint,False
33,los kogutos,12,Endpoint,vtg  Vertigo,Endpoint,False
34,NAVI Javelins,16,NAVI Javelins,anc  Ancient,CLG Red,True
35,B4 fe,22,B4 fe,vtg  Vertigo,HSG fe,True
36,UNGENTIUM,16,FTW,anb  Anubis,FTW,False
37,UNGENTIUM,10,FTW,anc  Ancient,FTW,False
38,Saints,5,Nigma Galaxy,inf  Inferno,Nigma Galaxy,False
39,BLUEJAYS,8,Coalesce,inf  Inferno,Coalesce,False
40,Coalesce,16,Coalesce,vtg  Vertigo,BLUEJAYS,True
41,ENCE,3,BIG,nuke  Nuke,BIG,False
42,BIG,16,BIG,inf  Inferno,ENCE,True
43,9INE,16,9INE,vtg  Vertigo,HONORIS,True
44,HONORIS,19,9INE,nuke  Nuke,9INE,False
45,Into the Breach,5,Young Ninjas,mrg  Mirage,Young Ninjas,False
46,Into the Breach,16,Into the Breach,inf  Inferno,Young Ninjas,True
47,Young Ninjas,16,Young Ninjas,anc  Ancient,Into the Breach,True
48,Monte,12,ENCE,anc  Ancient,ENCE,False
49,ENCE,16,ENCE,nuke  Nuke,Monte,True
0,Monte,16,Monte,anb  Anubis,ENCE,True
1,BIG,16,BIG,anc  Ancient,HEET,True
2,BIG,16,BIG,inf  Inferno,HEET,True
3,Endpoint,16,Endpoint,anc  Ancient,BIG Academy,True
4,Endpoint,16,Endpoint,mrg  Mirage,BIG Academy,True
5,BIG Academy,16,BIG Academy,anb  Anubis,Endpoint,True
6,iNation,16,iNation,anb  Anubis,Nexus,True
7,iNation,16,iNation,vtg  Vertigo,Nexus,True
8,Copenhagen Flames,16,Copenhagen Flames,nuke  Nuke,ECLOT,True
9,Copenhagen Flames,13,ECLOT,inf  Inferno,ECLOT,False
10,ECLOT,7,Copenhagen Flames,anc  Ancient,Copenhagen Flames,False
11,EYEBALLERS,16,EYEBALLERS,ovp  Overpass,HONORIS,True
12,EYEBALLERS,11,HONORIS,vtg  Vertigo,HONORIS,False
13,HONORIS,10,EYEBALLERS,inf  Inferno,EYEBALLERS,False
14,Limitless,13,paiN,anc  Ancient,paiN,False
15,paiN,16,paiN,nuke  Nuke,Limitless,True
16,Nouns,16,Nouns,mrg  Mirage,Snakes Den,True
17,Snakes Den,5,Nouns,inf  Inferno,Nouns,False
18,Vendetta,16,Vendetta,ovp  Overpass,Noxious,True
19,Noxious,13,Vendetta,mrg  Mirage,Vendetta,False
20,MIBR,16,MIBR,nuke  Nuke,Strife,True
21,Strife,6,MIBR,anb  Anubis,MIBR,False
22,Take Flyte,16,Take Flyte,nuke  Nuke,REIGN,True
23,REIGN,9,Take Flyte,anb  Anubis,Take Flyte,False
24,ENCE,16,ENCE,vtg  Vertigo,Bad News Eagles,True
25,Bad News Eagles,12,ENCE,mrg  Mirage,ENCE,False
26,HEET,12,HONORIS,inf  Inferno,HONORIS,False
27,HONORIS,19,HONORIS,nuke  Nuke,HEET,True
28,BIG,16,BIG,mrg  Mirage,Sprout,True
29,BIG,16,BIG,inf  Inferno,Sprout,True
30,Monte,8,9INE,nuke  Nuke,9INE,False
31,9INE,16,9INE,vtg  Vertigo,Monte,True
32,Monte,16,Monte,mrg  Mirage,9INE,True
33,los kogutos,4,Tricked,mrg  Mirage,Tricked,False
34,Tricked,16,Tricked,ovp  Overpass,los kogutos,True
35,FTW,9,K23,nuke  Nuke,K23,False
36,K23,22,K23,ovp  Overpass,FTW,True
37,Endpoint,16,Endpoint,inf  Inferno,LDLC,True
38,LDLC,17,Endpoint,anb  Anubis,Endpoint,False
39,Apeks,7,GODSENT,anc  Ancient,GODSENT,False
40,GODSENT,16,GODSENT,inf  Inferno,Apeks,True
41,BIG,13,Monte,nuke  Nuke,Monte,False
42,BIG,12,Monte,anc  Ancient,Monte,False
43,Monte,13,BIG,mrg  Mirage,BIG,False
44,ENCE,11,HONORIS,nuke  Nuke,HONORIS,False
45,ENCE,16,ENCE,vtg  Vertigo,HONORIS,True
46,Sprout,8,9INE,mrg  Mirage,9INE,False
47,Sprout,16,Sprout,anc  Ancient,9INE,True
48,9INE,16,9INE,ovp  Overpass,Sprout,True
49,Bad News Eagles,12,HEET,inf  Inferno,HEET,False
0,Bad News Eagles,17,HEET,anc  Ancient,HEET,False
1,HEET,9,Bad News Eagles,vtg  Vertigo,Bad News Eagles,False
2,HONORIS,16,HONORIS,inf  Inferno,ENCE,True
3,Illuminar,13,IKLA,ovp  Overpass,IKLA,False
4,IKLA,12,Illuminar,anb  Anubis,Illuminar,False
5,IKLA,16,IKLA,inf  Inferno,Illuminar,True
6,FTW,12,Spirit Academy,nuke  Nuke,Spirit Academy,False
7,Spirit Academy,16,Spirit Academy,vtg  Vertigo,FTW,True
8,Illuminar,16,Illuminar,vtg  Vertigo,UNGENTIUM,True
9,UNGENTIUM,17,Illuminar,inf  Inferno,Illuminar,False
10,Detonate,16,Detonate,inf  Inferno,Red Wolves,True
11,Red Wolves,4,Detonate,mrg  Mirage,Detonate,False
12,Detonate,10,Red Wolves,vtg  Vertigo,Red Wolves,False
13,Strife,16,Strife,anb  Anubis,Eros,True
14,Eros,6,Strife,mrg  Mirage,Strife,False
15,Limitless,16,Limitless,anc  Ancient,ATK,True
16,ATK,16,ATK,anb  Anubis,Limitless,True
17,Limitless,16,Limitless,ovp  Overpass,ATK,True
18,MIBR,16,MIBR,vtg  Vertigo,Nouns,True
19,Nouns,8,MIBR,anc  Ancient,MIBR,False
20,Vendetta,22,Vendetta,inf  Inferno,Disconnected,True
21,Disconnected,7,Vendetta,vtg  Vertigo,Vendetta,False
22,Noxious,12,ATK,mrg  Mirage,ATK,False
23,ATK,16,ATK,ovp  Overpass,Noxious,True
24,G2,16,G2,nuke  Nuke,Natus Vincere,True
25,Natus Vincere,8,G2,inf  Inferno,G2,False
26,Young Ninjas,16,Young Ninjas,mrg  Mirage,UNGENTIUM,True
27,UNGENTIUM,14,Young Ninjas,anc  Ancient,Young Ninjas,False
28,Outsiders,16,Outsiders,inf  Inferno,Complexity,True
29,Outsiders,13,Complexity,ovp  Overpass,Complexity,False
30,Outsiders,19,Outsiders,anb  Anubis,Complexity,True
31,Sangal,6,ex-Finest,vtg  Vertigo,ex-Finest,False
32,Sangal,16,Sangal,inf  Inferno,ex-Finest,True
33,ex-Finest,16,ex-Finest,anc  Ancient,Sangal,True
34,Bad News Eagles,8,9INE,anb  Anubis,9INE,False
35,Bad News Eagles,16,Bad News Eagles,mrg  Mirage,9INE,True
36,9INE,16,9INE,ovp  Overpass,Bad News Eagles,True
37,Nexus,16,Nexus,nuke  Nuke,Illuminar,True
38,Illuminar,16,Illuminar,anb  Anubis,Nexus,True
39,Nexus,16,Nexus,inf  Inferno,Illuminar,True
40,Liquid,16,Liquid,mrg  Mirage,FaZe,True
41,Liquid,16,Liquid,ovp  Overpass,FaZe,True
42,Liquid,14,FaZe,inf  Inferno,FaZe,False
43,MOUZ NXT,13,VOYVODA,nuke  Nuke,VOYVODA,False
44,VOYVODA,16,VOYVODA,inf  Inferno,MOUZ NXT,True
45,Heroic,16,Heroic,ovp  Overpass,Vitality,True
46,Vitality,7,Heroic,inf  Inferno,Heroic,False
47,9INE,16,9INE,vtg  Vertigo,Partizan,True
48,Partizan,7,9INE,anb  Anubis,9INE,False
49,HONORIS,19,HONORIS,ovp  Overpass,los kogutos,True
0,los kogutos,17,HONORIS,mrg  Mirage,HONORIS,False
1,VOYVODA,16,VOYVODA,mrg  Mirage,UNGENTIUM,True
2,UNGENTIUM,5,VOYVODA,anc  Ancient,VOYVODA,False
3,fnatic,3,Complexity,ovp  Overpass,Complexity,False
4,fnatic,16,fnatic,vtg  Vertigo,Complexity,True
5,Complexity,16,Complexity,inf  Inferno,fnatic,True
6,Outsiders,16,Outsiders,ovp  Overpass,OG,True
7,OG,7,Outsiders,inf  Inferno,Outsiders,False
8,Monte,16,Monte,vtg  Vertigo,Tricked,True
9,Tricked,19,Tricked,nuke  Nuke,Monte,True
10,Monte,19,Monte,mrg  Mirage,Tricked,True
11,Spirit Academy,9,EYEBALLERS,anb  Anubis,EYEBALLERS,False
12,EYEBALLERS,16,EYEBALLERS,ovp  Overpass,Spirit Academy,True
13,ATK,16,Detonate,anb  Anubis,Detonate,False
14,ATK,4,Detonate,mrg  Mirage,Detonate,False
15,Detonate,14,ATK,inf  Inferno,ATK,False
16,MIBR,16,MIBR,vtg  Vertigo,Vendetta,True
17,MIBR,15,Vendetta,nuke  Nuke,Vendetta,False
18,Vendetta,7,MIBR,inf  Inferno,MIBR,False
19,Nexus,11,Into the Breach,vtg  Vertigo,Into the Breach,False
20,Into the Breach,17,Nexus,inf  Inferno,Nexus,False
21,Nexus,13,Into the Breach,mrg  Mirage,Into the Breach,False
22,iNation,19,iNation,inf  Inferno,FTW,True
23,FTW,16,iNation,vtg  Vertigo,iNation,False
24,Spirit,11,Liquid,anb  Anubis,Liquid,False
25,Liquid,13,Spirit,ovp  Overpass,Spirit,False
26,Spirit,12,Liquid,nuke  Nuke,Liquid,False
27,FaZe,16,FaZe,anc  Ancient,IHC,True
28,IHC,11,FaZe,inf  Inferno,FaZe,False
29,Aurora,15,Astralis,nuke  Nuke,Astralis,False
30,Aurora,16,Aurora,mrg  Mirage,Astralis,True
31,Astralis,16,Astralis,anc  Ancient,Aurora,True
32,Tricked,10,Into the Breach,vtg  Vertigo,Into the Breach,False
33,Tricked,13,Into the Breach,nuke  Nuke,Into the Breach,False
34,Into the Breach,11,Tricked,mrg  Mirage,Tricked,False
35,GamerLegion,16,GamerLegion,anb  Anubis,Falcons,True
36,Falcons,6,GamerLegion,vtg  Vertigo,GamerLegion,False
37,Astralis,16,Astralis,anc  Ancient,Copenhagen Flames,True
38,Copenhagen Flames,9,Astralis,vtg  Vertigo,Astralis,False
39,Complexity,16,Complexity,anc  Ancient,MOUZ,True
40,MOUZ,16,MOUZ,nuke  Nuke,Complexity,True
41,Complexity,16,Complexity,inf  Inferno,MOUZ,True
42,Vitality,16,Vitality,nuke  Nuke,fnatic,True
43,Vitality,8,fnatic,mrg  Mirage,fnatic,False
44,fnatic,13,Vitality,ovp  Overpass,Vitality,False
45,Mixfits,9,BLUEJAYS,anb  Anubis,BLUEJAYS,False
46,BLUEJAYS,16,BLUEJAYS,inf  Inferno,Mixfits,True
47,HAVU,16,HAVU,anc  Ancient,Young Ninjas,True
48,Young Ninjas,14,HAVU,inf  Inferno,HAVU,False
49,GTZ,4,VOYVODA,anb  Anubis,VOYVODA,False
0,GTZ,3,VOYVODA,mrg  Mirage,VOYVODA,False
1,GamerLegion,16,GamerLegion,anc  Ancient,GODSENT,True
2,GamerLegion,3,GODSENT,mrg  Mirage,GODSENT,False
3,GODSENT,16,GamerLegion,vtg  Vertigo,GamerLegion,False
4,Aurora,16,Aurora,nuke  Nuke,Illuminar,True
5,Illuminar,13,Aurora,ovp  Overpass,Aurora,False
6,Aurora,17,Illuminar,mrg  Mirage,Illuminar,False
7,Ninjas in Pyjamas,9,Outsiders,inf  Inferno,Outsiders,False
8,Outsiders,16,Outsiders,ovp  Overpass,Ninjas in Pyjamas,True
9,Ninjas in Pyjamas,16,Ninjas in Pyjamas,vtg  Vertigo,Outsiders,True
10,Heroic,16,Heroic,mrg  Mirage,OG,True
11,OG,10,Heroic,inf  Inferno,Heroic,False
12,Endpoint,18,Coalesce,vtg  Vertigo,Coalesce,False
13,Coalesce,16,Coalesce,inf  Inferno,Endpoint,True
14,Endpoint,16,Endpoint,mrg  Mirage,Coalesce,True
15,500,9,EYEBALLERS,inf  Inferno,EYEBALLERS,False
16,500,16,500,ovp  Overpass,EYEBALLERS,True
17,EYEBALLERS,16,EYEBALLERS,mrg  Mirage,500,True
18,Red Wolves,16,Red Wolves,vtg  Vertigo,Mystic,True
19,Mystic,16,Mystic,nuke  Nuke,Red Wolves,True
20,Red Wolves,16,Red Wolves,mrg  Mirage,Mystic,True
21,Cartel terraza,4,Limitless,nuke  Nuke,Limitless,False
22,Limitless,15,Cartel terraza,ovp  Overpass,Cartel terraza,False
23,Cartel terraza,2,Limitless,anc  Ancient,Limitless,False
24,GODSENT,14,Falcons,ovp  Overpass,Falcons,False
25,Falcons,16,Falcons,nuke  Nuke,GODSENT,True
26,Cloud9,14,IHC,mrg  Mirage,IHC,False
27,IHC,16,IHC,inf  Inferno,Cloud9,True
28,MOUZ NXT,19,MOUZ NXT,mrg  Mirage,Atlantic,True
29,MOUZ NXT,13,Atlantic,vtg  Vertigo,Atlantic,False
30,Atlantic,12,MOUZ NXT,nuke  Nuke,MOUZ NXT,False
31,Eros,16,Eros,anc  Ancient,Limitless,True
32,Limitless,13,Eros,nuke  Nuke,Eros,False
33,Vendetta,16,Vendetta,nuke  Nuke,Noxious,True
34,Liquid,17,Natus Vincere,anb  Anubis,Natus Vincere,False
35,Natus Vincere,16,Natus Vincere,inf  Inferno,Liquid,True
36,HEET,16,HEET,inf  Inferno,HONORIS,True
37,HONORIS,9,HEET,ovp  Overpass,HEET,False
38,JANO,16,UNGENTIUM,anb  Anubis,UNGENTIUM,False
39,UNGENTIUM,16,UNGENTIUM,nuke  Nuke,JANO,True
40,SINNERS,8,Copenhagen Flames,ovp  Overpass,Copenhagen Flames,False
41,Copenhagen Flames,16,Copenhagen Flames,vtg  Vertigo,SINNERS,True
42,Young Ninjas,16,Young Ninjas,inf  Inferno,Apeks Rebels,True
43,Apeks Rebels,11,Young Ninjas,vtg  Vertigo,Young Ninjas,False
44,FaZe,7,G2,anc  Ancient,G2,False
45,G2,16,G2,nuke  Nuke,FaZe,True
46,MOUZ NXT,12,Forward,ovp  Overpass,Forward,False
47,Forward,16,Forward,inf  Inferno,MOUZ NXT,True
48,Spirit,16,Spirit,anb  Anubis,BIG,True
49,IKLA,12,GamerLegion,vtg  Vertigo,GamerLegion,False
